;ID_Empfðnger;ID_Sendung;Beladedatum;Gewicht;Distanz;Wochentag;Delay;Frachtkosten
0;1016.0;[7121.0, 7132.0];2022-10-28;8214.810000000001;54.273;4;0.0;313.3449411
1;1016.0;[6994.0];2022-10-26;5580.0;54.489;2;0.0;220.30980000000002
2;1016.0;[6891.0];2022-10-21;5580.0;54.489;4;0.0;220.30980000000002
3;1016.0;[6741.0];2022-10-19;17537.25;54.273;2;0.0;642.5202975
4;1016.0;[6610.0, 6562.0];2022-10-14;5004.0;54.489;4;-1.5;199.97124000000002
5;1016.0;[6487.0];2022-10-12;24191.04;54.273;2;-1.0;877.4656224
6;1016.0;[6227.0];2022-10-07;3738.86;54.489;4;0.0;155.2991466
7;1016.0;[6113.0];2022-10-05;2999.66;54.273;2;0.0;129.19799460000002
8;1016.0;[6029.0];2022-09-30;6631.5;54.489;4;0.0;257.438265
9;1016.0;[5842.0];2022-09-28;1788.81;54.273;2;0.0;86.4428811
10;1016.0;[5702.0, 5673.0];2022-09-23;20144.67;54.273;4;-1.5;734.5882977
11;1016.0;[5544.0];2022-09-21;3649.81;54.273;2;0.0;152.1547911
12;1016.0;[5406.0, 5360.0];2022-09-16;7724.0;54.489;4;-1.5;296.01444000000004
13;1016.0;[5334.0, 5270.0];2022-09-14;11826.8;54.489;2;-0.5;440.88430800000003
14;1016.0;[5119.0, 5084.0];2022-09-09;14504.0;54.489;4;-1.5;535.41624
15;1016.0;[4972.0];2022-09-07;7269.38;54.273;2;0.0;279.9618078
16;1016.0;[4780.0];2022-09-02;16096.0;54.273;4;0.0;591.62976
17;1016.0;[4673.0];2022-08-31;14060.0;54.489;2;0.0;519.7386
18;1016.0;[4652.0, 4568.0, 4536.0];2022-08-26;13110.92;54.273;4;-2.3333333333333335;486.22658520000005
19;1016.0;[4451.0];2022-08-24;6525.88;54.489;2;0.0;253.70882280000004
20;1016.0;[4325.0];2022-08-19;2700.0;54.489;4;-3.0;118.617
21;1016.0;[3842.0];2022-08-05;8662.0;54.489;4;0.0;329.13522
22;1016.0;[3687.0];2022-08-03;3024.0;54.489;2;0.0;130.05743999999999
23;1016.0;[3525.0];2022-07-29;6247.51;54.489;4;0.0;243.8795781
24;1016.0;[3450.0];2022-07-27;3547.51;54.273;2;0.0;148.54257810000001
25;1016.0;[3282.0];2022-07-22;14688.0;54.489;4;-3.0;541.91328
26;1016.0;[3115.0];2022-07-20;8280.0;54.489;2;0.0;315.6468000000001
27;1016.0;[2946.0, 3017.0];2022-07-15;10928.0;54.489;4;-3.0;409.14768000000004
28;1016.0;[2820.0];2022-07-13;3649.82;54.273;2;0.0;152.15514420000002
29;1016.0;[2652.0, 2634.0];2022-07-08;15738.8;54.489;4;-1.5;579.017028
30;1016.0;[2453.0];2022-07-06;5760.0;54.489;2;0.0;226.6656
31;1016.0;[2329.0];2022-07-01;14200.0;54.489;4;-3.0;524.682
32;1016.0;[2175.0, 2074.0];2022-06-24;8028.0;54.273;4;-1.5;306.74868000000004
33;1016.0;[1958.0];2022-06-22;14248.0;54.489;2;0.0;526.37688
34;1016.0;[1877.0];2022-06-17;2700.0;54.489;4;-4.0;118.617
35;1016.0;[1770.0];2022-06-15;8660.67;54.489;2;0.0;329.0882577
36;1016.0;[1596.0];2022-06-10;15514.89;54.489;4;0.0;571.1107658999999
37;1016.0;[1464.0];2022-06-08;5760.0;54.489;2;0.0;226.6656
38;1016.0;[1306.0];2022-06-03;7924.0;54.273;4;0.0;303.07644000000005
39;1016.0;[1235.0];2022-06-01;8280.0;54.489;2;0.0;315.6468000000001
40;1016.0;[1162.0];2022-05-27;6048.0;54.489;4;-4.0;236.83488
41;1016.0;[1001.0];2022-05-25;5580.0;54.489;2;0.0;220.30980000000002
42;1016.0;[847.0];2022-05-20;8084.0;54.273;4;0.0;308.72604
43;1016.0;[715.0];2022-05-18;8159.27;54.273;2;0.0;311.3838237
44;1016.0;[553.0];2022-05-13;2720.0;54.489;4;0.0;119.32320000000001
45;1016.0;[483.0, 438.0];2022-05-11;17327.0;54.489;2;-0.5;635.09637
46;1016.0;[415.0, 314.0];2022-05-06;6048.0;54.489;4;-3.5;236.83488
47;1016.0;[129.0];2022-05-04;7904.0;54.489;2;0.0;302.37023999999997
48;1016.0;[15.0];2022-04-29;5904.0;54.489;4;-3.0;231.75024000000002
49;1031.0;[6983.0];2022-10-25;197.77;41.348;1;0.0;30.2632587
50;1031.0;[6753.0, 6670.0];2022-10-18;276.27;41.348;1;-0.5;33.035093700000004
51;1031.0;[6507.0];2022-10-13;5648.0;41.348;3;0.0;222.71088
52;1031.0;[6457.0, 6375.0];2022-10-11;2309.56;41.348;1;-0.5;104.8305636
53;1031.0;[6319.0, 6250.0, 6207.0];2022-10-06;9577.64;41.348;3;-1.6666666666666667;361.46646840000005
54;1031.0;[6102.0];2022-10-04;5296.0;41.348;1;-1.0;210.28176000000002
55;1031.0;[5920.0];2022-09-29;158.0;41.348;3;0.0;28.858980000000003
56;1031.0;[5827.0];2022-09-27;1616.33;41.348;1;0.0;80.3526123
57;1031.0;[5764.0, 5647.0];2022-09-22;761.61;41.348;3;-2.0;50.1724491
58;1031.0;[5484.0];2022-09-20;945.29;41.348;1;0.0;56.658189899999996
59;1031.0;[5452.0, 5308.0];2022-09-15;2554.4;41.348;3;-2.0;113.47586400000002
60;1031.0;[5226.0];2022-09-13;609.5;41.348;1;0.0;44.801445
61;1031.0;[5155.0, 5092.0, 5006.0];2022-09-08;1946.8799999999999;41.348;3;-1.6666666666666667;92.02433280000001
62;1031.0;[4954.0, 4912.0];2022-09-06;5967.57;41.348;1;-0.5;233.99489670000003
63;1031.0;[4836.0, 4809.0];2022-09-01;1394.1000000000001;41.348;3;-2.5;72.505671
64;1031.0;[4542.0];2022-08-25;55.63;41.348;3;-1.0;25.2442953
65;1031.0;[4452.0];2022-08-23;9478.76;41.348;1;-1.0;357.9750156
66;1031.0;[4309.0];2022-08-18;1671.97;41.348;3;-1.0;82.3172607
67;1031.0;[4205.0, 4177.0];2022-08-16;635.02;41.348;1;-0.5;45.702556200000004
68;1031.0;[4108.0];2022-08-11;173.0;41.348;3;-1.0;29.38863
69;1031.0;[3998.0, 3948.0];2022-08-09;6446.4400000000005;41.348;1;-0.5;250.90379640000003
70;1031.0;[3862.0, 3802.0];2022-08-04;2235.9900000000002;41.348;3;-0.5;102.23280690000001
71;1031.0;[3667.0];2022-08-02;4934.49;41.348;1;0.0;197.5168419
72;1031.0;[3498.0];2022-07-28;117.04;41.348;3;0.0;27.4126824
73;1031.0;[3391.0];2022-07-26;311.0;41.348;1;0.0;34.26141
74;1031.0;[3081.0];2022-07-19;870.44;41.348;1;-1.0;54.015236400000006
75;1031.0;[2902.0, 2841.0];2022-07-14;2388.36;41.348;3;-0.5;107.61299160000002
76;1031.0;[2268.0];2022-06-30;1632.39;41.348;3;0.0;80.9196909
77;1031.0;[2196.0];2022-06-28;284.38;41.348;1;0.0;33.321457800000005
78;1031.0;[2180.0, 2026.0, 2110.0];2022-06-23;6709.04;41.348;3;-1.3333333333333333;260.1762024
79;1031.0;[1881.0];2022-06-21;3618.5;41.348;1;0.0;151.049235
80;1031.0;[1699.0];2022-06-14;727.58;41.348;1;0.0;48.9708498
81;1031.0;[1317.0];2022-06-02;39.6;41.348;3;-1.0;24.678276
82;1031.0;[1227.0];2022-05-31;377.81;41.348;1;-1.0;36.6204711
83;1031.0;[1075.0];2022-05-26;94.12;41.348;3;-4.0;26.6033772
84;1031.0;[1030.0, 936.0];2022-05-24;549.81;41.348;1;-0.5;42.6937911
85;1031.0;[659.0];2022-05-17;3090.3;41.348;1;0.0;132.39849300000003
86;1031.0;[241.0];2022-05-05;1413.99;41.348;3;0.0;73.20798690000001
87;1031.0;[153.0, 95.0];2022-05-03;1749.48;41.348;1;-0.5;85.0541388
88;1031.0;[30.0];2022-04-28;280.73;41.348;3;-4.0;33.1925763
89;1034.0;[6986.0];2022-10-21;1618.02;85.295;4;-4.0;80.41228620000001
90;1034.0;[6641.0, 6573.0];2022-10-14;555.03;85.295;4;-1.5;42.878109300000006
91;1034.0;[6463.0];2022-10-12;1953.5;85.295;2;0.0;92.25808500000001
92;1034.0;[6376.0, 6324.0, 6251.0];2022-10-07;9723.75;85.295;4;-2.3333333333333335;366.6256125000001
93;1034.0;[6211.0, 6141.0];2022-10-05;1820.5900000000001;85.295;2;-0.5;87.56503290000002
94;1034.0;[6038.0];2022-09-30;5773.16;85.295;4;-4.0;227.13027960000002
95;1034.0;[5925.0];2022-09-28;1219.87;85.295;2;-1.0;66.35360969999999
96;1034.0;[5806.0];2022-09-23;670.0;85.295;4;-4.0;46.93770000000001
97;1034.0;[5651.0];2022-09-21;1510.0;85.295;2;-1.0;76.59810000000002
98;1034.0;[5489.0];2022-09-16;2635.7;85.295;4;-4.0;116.346567
99;1034.0;[5299.0];2022-09-14;249.63;85.295;2;-1.0;32.0944353
100;1034.0;[5229.0];2022-09-09;164.0;85.295;4;-4.0;29.07084
101;1034.0;[5003.0, 4956.0];2022-09-07;6686.07;85.295;2;-0.5;259.3651317
102;1034.0;[4831.0, 4812.0];2022-09-02;1736.82;85.295;4;-1.5;84.60711420000001
103;1034.0;[4664.0];2022-08-31;23.83;85.295;2;0.0;24.1214373
104;1034.0;[4617.0, 4591.0];2022-08-26;11323.62;85.295;4;-3.5;423.11702220000006
105;1034.0;[4513.0];2022-08-24;483.75;85.295;2;-1.0;40.36121250000001
106;1034.0;[4179.0, 4113.0];2022-08-12;603.01;85.295;4;-2.0;44.5722831
107;1034.0;[3952.0];2022-08-05;84.39;85.295;4;-4.0;26.2598109
108;1034.0;[3805.0, 3700.0];2022-08-03;4998.67;85.295;2;-0.5;199.78303770000002
109;1034.0;[3559.0];2022-07-29;81.66;85.295;4;0.0;26.163414600000003
110;1034.0;[3503.0, 3428.0];2022-07-27;3148.27;85.295;2;-0.5;134.44541370000002
111;1034.0;[3393.0, 3265.0];2022-07-22;3817.11;85.295;4;-3.5;158.06215410000001
112;1034.0;[3168.0, 3082.0];2022-07-20;7871.25;85.295;2;-0.5;301.21383750000007
113;1034.0;[3045.0, 3010.0];2022-07-15;1965.94;85.295;4;-3.5;92.6973414
114;1034.0;[2844.0];2022-07-13;3331.26;85.295;2;-1.0;140.90679060000002
115;1034.0;[2668.0];2022-07-08;1236.5;85.295;4;-3.0;66.940815
116;1034.0;[2469.0];2022-07-06;3028.06;85.295;2;0.0;130.2007986
117;1034.0;[2385.0];2022-07-01;4483.0;85.295;4;-4.0;181.57473000000002
118;1034.0;[2107.0];2022-06-24;242.25;85.295;4;0.0;31.8338475
119;1034.0;[2016.0, 1934.0];2022-06-22;1759.43;85.295;2;-0.5;85.40547330000001
120;1034.0;[1885.0, 1820.0];2022-06-17;8471.71;85.295;4;-3.5;322.41608009999993
121;1034.0;[1629.0];2022-06-10;39.86;85.295;4;-3.0;24.6874566
122;1034.0;[1544.0];2022-06-08;17.55;85.295;2;-1.0;23.899690500000002
123;1034.0;[1222.0];2022-06-01;2422.28;85.295;2;0.0;108.81070680000002
124;1034.0;[1076.0];2022-05-27;1224.0;85.295;4;-3.0;66.49944
125;1034.0;[1034.0];2022-05-25;847.13;85.295;2;0.0;53.192160300000005
126;1034.0;[939.0, 919.0];2022-05-20;1115.02;85.295;4;-3.5;62.6513562
127;1034.0;[801.0];2022-05-18;4262.82;85.295;2;-1.0;173.80017420000001
128;1034.0;[665.0, 614.0];2022-05-13;3918.7799999999997;85.295;4;-3.5;161.6521218
129;1034.0;[507.0];2022-05-11;1650.61;85.295;2;-1.0;81.5630391
130;1034.0;[394.0, 267.0];2022-05-06;3483.92;85.295;4;-2.0;146.2972152
131;1034.0;[235.0];2022-05-04;174.12;85.295;2;-1.0;29.4281772
132;1034.0;[33.0];2022-04-29;458.96;85.295;4;-3.0;39.4858776
133;1035.0;[7050.0];2022-10-26;1366.94;57.858999999999995;2;-1.0;71.5466514
134;1035.0;[6671.0];2022-10-14;2042.0;57.858999999999995;4;-4.0;95.38302
135;1035.0;[6459.0];2022-10-12;2036.0;57.858999999999995;2;0.0;95.17116
136;1035.0;[6320.0];2022-10-07;5398.88;57.858999999999995;4;-3.0;213.91445280000002
137;1035.0;[6208.0, 6139.0];2022-10-05;2146.0;57.858999999999995;2;-0.5;99.05526
138;1035.0;[6036.0];2022-09-30;324.38;57.858999999999995;4;-4.0;34.7338578
139;1035.0;[5808.0];2022-09-23;5204.0;57.858999999999995;4;-4.0;207.03324000000003
140;1035.0;[5648.0];2022-09-21;1586.0;57.858999999999995;2;-1.0;79.28166
141;1035.0;[5490.0, 5455.0];2022-09-16;1295.91;57.858999999999995;4;-3.5;69.03858210000001
142;1035.0;[5252.0];2022-09-14;4901.0;57.858999999999995;2;0.0;196.33431
143;1035.0;[5159.0];2022-09-09;322.0;57.858999999999995;4;-3.0;34.649820000000005
144;1035.0;[4955.0];2022-09-07;1060.0;57.858999999999995;2;0.0;60.708600000000004
145;1035.0;[4914.0, 4835.0];2022-09-02;5917.0;57.858999999999995;4;-3.5;232.20927000000003
146;1035.0;[4773.0, 4683.0];2022-08-31;4245.0;57.858999999999995;2;-0.5;173.17095
147;1035.0;[4587.0];2022-08-26;2708.0;57.858999999999995;4;-3.0;118.89948000000001
148;1035.0;[4514.0, 4439.0];2022-08-24;8359.0;57.858999999999995;2;-0.5;318.43629
149;1035.0;[4359.0, 4314.0];2022-08-19;3984.0;57.858999999999995;4;-1.5;163.95504
150;1035.0;[4275.0, 4208.0];2022-08-17;6389.0;57.858999999999995;2;-0.5;248.87559000000002
151;1035.0;[4067.0];2022-08-10;103.6;57.858999999999995;2;-1.0;26.938116
152;1035.0;[3645.0];2022-07-29;249.1;57.858999999999995;4;-4.0;32.075721
153;1035.0;[3242.0];2022-07-22;1048.0;57.858999999999995;4;0.0;60.28488000000001
154;1035.0;[2962.0, 2905.0];2022-07-15;5324.8;57.858999999999995;4;-1.5;211.29868800000003
155;1035.0;[2739.0, 2683.0];2022-07-08;5611.0;57.858999999999995;4;-3.5;221.40441
156;1035.0;[2537.0];2022-07-06;10204.0;57.858999999999995;2;-1.0;383.58324000000005
157;1035.0;[2374.0, 2353.0];2022-07-01;2617.0;57.858999999999995;4;-3.5;115.68627000000001
158;1035.0;[2319.0];2022-06-29;2176.0;57.858999999999995;2;-1.0;100.11456
159;1035.0;[2197.0, 2183.0, 2104.0];2022-06-24;4239.4400000000005;57.858999999999995;4;-2.3333333333333335;172.97462640000003
160;1035.0;[2013.0];2022-06-22;1262.0;57.858999999999995;2;-1.0;67.84121999999999
161;1035.0;[1886.0, 1824.0];2022-06-17;4236.59;57.858999999999995;4;-3.5;172.87399290000002
162;1035.0;[1776.0];2022-06-15;1912.6;57.858999999999995;2;0.0;90.813906
163;1035.0;[1702.0, 1628.0, 1606.0];2022-06-10;7581.85;57.858999999999995;4;-2.3333333333333335;290.9951235000001
164;1035.0;[1503.0];2022-06-08;2101.25;57.858999999999995;2;-1.0;97.47513750000002
165;1035.0;[1374.0, 1314.0];2022-06-03;1767.13;57.858999999999995;4;-2.0;85.6773603
166;1035.0;[1249.0, 1225.0];2022-06-01;6552.26;57.858999999999995;2;-0.5;254.64030060000002
167;1035.0;[1126.0];2022-05-27;495.0;57.858999999999995;4;-4.0;40.75845
168;1035.0;[920.0, 863.0];2022-05-20;160.13;57.858999999999995;4;-1.5;28.9341903
169;1035.0;[709.0];2022-05-18;3083.75;57.858999999999995;2;0.0;132.1672125
170;1035.0;[343.0, 246.0];2022-05-06;18457.0;57.858999999999995;4;-1.5;674.99667
171;1035.0;[234.0, 157.0];2022-05-04;1492.5;57.858999999999995;2;-0.5;75.980175
172;1035.0;[98.0, 34.0];2022-04-29;613.8199999999999;57.858999999999995;4;-3.5;44.9539842
173;1041.0;[7070.0];2022-10-27;834.12;34.875;3;0.0;52.7327772
174;1041.0;[7030.0, 6830.0];2022-10-20;690.5;34.875;3;-3.0;47.661555
175;1041.0;[6682.0, 6649.0];2022-10-13;1382.0;34.875;3;-4.5;72.07842000000001
176;1041.0;[6153.0, 6044.0];2022-09-29;2091.0;34.875;3;-5.5;97.11321000000001
177;1041.0;[5779.0];2022-09-22;3626.0;34.875;3;-5.0;151.31406
178;1041.0;[5457.0];2022-09-15;1123.0;34.875;3;-4.0;62.933130000000006
179;1041.0;[5263.0, 5077.0];2022-09-08;3442.5;34.875;3;-3.5;144.834675
180;1041.0;[4720.0, 4614.0];2022-08-25;5067.0;34.875;3;-5.0;202.19577
181;1041.0;[4139.0, 4061.0];2022-08-11;6735.0;34.875;3;-0.5;261.09285
182;1041.0;[3789.0];2022-08-04;1103.43;34.875;3;0.0;62.24211330000001
183;1041.0;[3674.0, 3470.0];2022-07-28;7124.21;34.875;3;-2.5;274.8358551
184;1041.0;[3234.0];2022-07-21;17.0;34.875;3;-1.0;23.88027
185;1041.0;[3087.0];2022-07-14;2838.0;34.875;3;-6.0;123.48978000000001
186;1041.0;[2515.0];2022-07-07;69.0;34.875;3;0.0;25.71639
187;1041.0;[1633.0];2022-06-09;1010.21;34.875;3;-4.0;58.950515100000004
188;1041.0;[1267.0];2022-06-02;4112.0;34.875;3;0.0;168.47472
189;1041.0;[1149.0];2022-05-26;69.5;34.875;3;-5.0;25.734045000000002
190;1041.0;[1052.0];2022-05-19;4372.0;34.875;3;-6.0;177.65532000000002
191;1041.0;[718.0, 650.0, 497.0];2022-05-12;4653.0;34.875;3;-3.6666666666666665;187.57743000000002
192;1041.0;[356.0];2022-05-05;48.0;34.875;3;-4.0;24.974880000000002
193;1041.0;[151.0, 40.0];2022-04-28;964.58;34.875;3;-5.0;57.339319800000006
194;1045.0;[6953.0, 6912.0];2022-10-24;2912.8;58.623999999999995;0;-0.5;126.13096800000001
195;1045.0;[6723.0, 6621.0];2022-10-17;595.0;58.623999999999995;0;-1.0;44.28945
196;1045.0;[6530.0];2022-10-13;2802.0;58.623999999999995;3;0.0;122.21862000000002
197;1045.0;[6362.0];2022-10-10;1388.0;58.623999999999995;0;-1.0;72.29028000000001
198;1045.0;[6242.0];2022-10-06;1956.0;58.623999999999995;3;-1.0;92.34636
199;1045.0;[6107.0, 6097.0];2022-10-03;4147.0;58.623999999999995;0;-1.5;169.71057000000002
200;1045.0;[5746.0];2022-09-26;2264.38;58.623999999999995;0;0.0;103.23525780000001
201;1045.0;[5631.0];2022-09-22;4648.0;58.623999999999995;3;0.0;187.40088
202;1045.0;[5515.0];2022-09-19;41.0;58.623999999999995;0;-1.0;24.727710000000002
203;1045.0;[5375.0];2022-09-15;521.0;58.623999999999995;3;-1.0;41.67651000000001
204;1045.0;[5102.0];2022-09-08;175.0;58.623999999999995;3;-1.0;29.45925
205;1045.0;[4994.0, 4860.0];2022-09-05;8098.74;58.623999999999995;0;-1.0;309.24650940000004
206;1045.0;[4707.0, 4625.0, 4579.0];2022-08-29;932.0;58.623999999999995;0;-1.0;56.18892000000001
207;1045.0;[4521.0];2022-08-25;6679.5;58.623999999999995;3;0.0;259.133145
208;1045.0;[4388.0];2022-08-22;138.0;58.623999999999995;0;-1.0;28.15278
209;1045.0;[4246.0];2022-08-18;6246.0;58.623999999999995;3;0.0;243.82626000000002
210;1045.0;[4159.0];2022-08-15;352.5;58.623999999999995;0;-1.0;35.726775
211;1045.0;[4122.0];2022-08-11;3842.64;58.623999999999995;3;-1.0;158.9636184
212;1045.0;[4005.0, 3901.0];2022-08-08;4501.99;58.623999999999995;0;-1.0;182.24526690000002
213;1045.0;[3822.0];2022-08-04;950.0;58.623999999999995;3;-1.0;56.8245
214;1045.0;[3720.0, 3568.0];2022-08-01;1272.91;58.623999999999995;0;-1.0;68.2264521
215;1045.0;[3547.0];2022-07-28;1200.0;58.623999999999995;3;-1.0;65.652
216;1045.0;[3403.0, 3343.0];2022-07-25;4658.0;58.623999999999995;0;-1.5;187.75398
217;1045.0;[3205.0];2022-07-21;2994.0;58.623999999999995;3;-1.0;128.99814000000003
218;1045.0;[3020.0, 2970.0];2022-07-18;3051.84;58.623999999999995;0;-0.5;131.0404704
219;1045.0;[2919.0];2022-07-14;1514.0;58.623999999999995;3;-1.0;76.73934
220;1045.0;[2560.0];2022-07-07;3578.5;58.623999999999995;3;0.0;149.63683500000002
221;1045.0;[2422.0, 2330.0];2022-07-04;3577.5;58.623999999999995;0;-0.5;149.601525
222;1045.0;[2209.0, 2129.0];2022-06-27;2886.5;58.623999999999995;0;-0.5;125.202315
223;1045.0;[2094.0, 2021.0];2022-06-23;3055.38;58.623999999999995;3;-0.5;131.16546780000002
224;1045.0;[1981.0, 1902.0, 1838.0];2022-06-20;14113.38;58.623999999999995;0;-1.0;521.6234478
225;1045.0;[1758.0, 1695.0, 1636.0];2022-06-13;13939.99;58.623999999999995;0;-1.0;515.5010469
226;1045.0;[1524.0];2022-06-09;2180.0;58.623999999999995;3;0.0;100.25580000000001
227;1045.0;[1324.0, 1257.0];2022-06-02;3175.5;58.623999999999995;3;-0.5;135.406905
228;1045.0;[1195.0, 1090.0];2022-05-30;6937.8;58.623999999999995;0;-1.0;268.25371800000005
229;1045.0;[1014.0, 899.0];2022-05-23;2910.0;58.623999999999995;0;-1.0;126.03210000000001
230;1045.0;[854.0];2022-05-19;5734.0;58.623999999999995;3;-1.0;225.74754000000001
231;1045.0;[767.0, 696.0];2022-05-16;7347.38;58.623999999999995;0;-1.5;282.7159878
232;1045.0;[567.0];2022-05-12;2234.38;58.623999999999995;3;-1.0;102.1759578
233;1045.0;[287.0, 224.0];2022-05-05;6596.3099999999995;58.623999999999995;3;-0.5;256.19570610000005
234;1045.0;[44.0];2022-05-02;4675.0;58.623999999999995;0;0.0;188.35425
235;1053.0;[6846.0, 6810.0];2022-10-17;5008.0;136.892;0;-3.5;200.11248
236;1053.0;[6351.0];2022-10-10;793.0;136.892;0;-1.0;51.28083
237;1053.0;[6205.0];2022-10-03;13.0;136.892;0;-3.0;23.73903
238;1053.0;[5835.0];2022-09-26;544.0;136.892;0;-1.0;42.488640000000004
239;1053.0;[5660.0, 5621.0];2022-09-19;1645.0;136.892;0;-3.0;81.36495000000001
240;1053.0;[5327.0, 5231.0];2022-09-12;956.0;136.892;0;-2.0;57.03636
241;1053.0;[4896.0];2022-09-05;1036.0;136.892;0;-1.0;59.861160000000005
242;1053.0;[4630.0];2022-08-29;1083.0;136.892;0;-1.0;61.52073000000001
243;1053.0;[4422.0, 4476.0];2022-08-22;2657.0;136.892;0;-2.0;117.09867000000001
244;1053.0;[4170.0];2022-08-15;534.0;136.892;0;-1.0;42.135540000000006
245;1053.0;[3303.0];2022-07-25;202.0;136.892;0;0.0;30.412620000000004
246;1053.0;[3146.0];2022-07-18;2581.64;136.892;0;-3.0;114.4377084
247;1053.0;[2824.0];2022-07-11;1677.0;136.892;0;-3.0;82.49487
248;1053.0;[2256.0, 2212.0, 2140.0];2022-06-27;4403.0;136.892;0;-1.3333333333333333;178.74993000000003
249;1053.0;[1907.0];2022-06-20;1483.0;136.892;0;-1.0;75.64473000000001
250;1053.0;[1272.0, 1118.0, 1061.0];2022-05-30;3250.0;136.892;0;-1.3333333333333333;138.03750000000002
251;1053.0;[773.0, 679.0];2022-05-16;1246.0;136.892;0;-2.0;67.27626000000001
252;1053.0;[544.0, 474.0];2022-05-09;4422.0;136.892;0;-3.5;179.42082000000002
253;1053.0;[52.0];2022-05-02;530.0;136.892;0;0.0;41.9943
254;1056.0;[6979.0];2022-10-21;1607.63;135.745;4;-4.0;80.0454153
255;1056.0;[5954.0, 5862.0, 5793.0];2022-09-23;204.04;135.745;4;-5.0;30.4846524
256;1056.0;[5579.0, 5468.0, 5384.0];2022-09-16;3281.4;135.745;4;-2.6666666666666665;139.146234
257;1056.0;[5218.0];2022-09-09;803.0;135.745;4;-4.0;51.63393000000001
258;1056.0;[4424.0];2022-08-19;127.67;135.745;4;-5.0;27.7880277
259;1056.0;[4213.0];2022-08-12;1496.68;135.745;4;-5.0;76.12777080000001
260;1056.0;[3646.0];2022-07-29;2163.0;135.745;4;-4.0;99.65553
261;1056.0;[3505.0, 3371.0, 3320.0];2022-07-22;2024.0;135.745;4;-4.333333333333333;94.74744
262;1056.0;[3051.0];2022-07-15;148.6;135.745;4;-4.0;28.527066
263;1056.0;[2789.0, 2691.0];2022-07-08;1044.64;135.745;4;-4.0;60.16623840000001
264;1056.0;[2565.0, 2488.0, 2387.0];2022-07-01;1748.3799999999999;135.745;4;-5.0;85.0152978
265;1056.0;[2314.0, 2143.0];2022-06-24;1751.49;135.745;4;-4.5;85.12511190000001
266;1056.0;[1997.0, 1815.0];2022-06-17;411.07000000000005;135.745;4;-4.5;37.794881700000005
267;1056.0;[1787.0, 1679.0, 1560.0];2022-06-10;5376.21;135.745;4;-3.0;213.1139751
268;1056.0;[1298.0, 1192.0];2022-05-27;838.0;135.745;4;-5.5;52.869780000000006
269;1056.0;[1048.0];2022-05-20;159.0;135.745;4;-5.0;28.89429
270;1056.0;[566.0];2022-05-13;1265.67;135.745;4;0.0;67.97080770000001
271;1056.0;[370.0, 271.0];2022-05-06;4412.0;135.745;4;-2.0;179.06772
272;1056.0;[187.0, 56.0];2022-04-29;3669.63;135.745;4;-4.5;152.8546353
273;1061.0;[7078.0];2022-10-26;895.32;112.79700000000001;2;-1.0;54.8937492
274;1061.0;[6075.0];2022-10-03;27.0;112.79700000000001;0;-1.0;24.23337
275;1061.0;[5955.0, 5865.0];2022-09-28;3500.8;112.79700000000001;2;-0.5;146.89324800000003
276;1061.0;[5796.0, 5756.0];2022-09-26;2070.52;112.79700000000001;0;-0.5;96.3900612
277;1061.0;[5581.0, 5616.0];2022-09-21;934.13;112.79700000000001;2;0.0;56.264130300000005
278;1061.0;[5523.0];2022-09-19;752.0;112.79700000000001;0;-1.0;49.83312000000001
279;1061.0;[5149.0];2022-09-12;2704.0;112.79700000000001;0;0.0;118.75824
280;1061.0;[5000.0];2022-09-07;2496.0;112.79700000000001;2;-1.0;111.41376000000001
281;1061.0;[4891.0];2022-09-05;187.51;112.79700000000001;0;-1.0;29.900978100000003
282;1061.0;[4644.0];2022-08-29;1283.66;112.79700000000001;0;-1.0;68.60603460000002
283;1061.0;[4393.0, 4415.0, 4339.0];2022-08-22;3966.17;112.79700000000001;0;-0.6666666666666666;163.3254627
284;1061.0;[4289.0, 4267.0];2022-08-17;2445.6;112.79700000000001;2;-1.5;109.634136
285;1061.0;[3849.0, 3794.0];2022-08-03;6848.85;112.79700000000001;2;-1.5;265.11289350000004
286;1061.0;[2988.0];2022-07-18;124.37;112.79700000000001;0;0.0;27.6715047
287;1061.0;[2736.0, 2647.0];2022-07-11;471.6;112.79700000000001;0;-0.5;39.932196000000005
288;1061.0;[2627.0, 2499.0, 2486.0];2022-07-06;2686.79;112.79700000000001;2;-1.0;118.1505549
289;1061.0;[2390.0, 2357.0];2022-07-04;350.40999999999997;112.79700000000001;0;-0.5;35.6529771
290;1061.0;[2246.0];2022-06-29;2664.0;112.79700000000001;2;-1.0;117.34584000000001
291;1061.0;[1993.0];2022-06-22;591.39;112.79700000000001;2;-1.0;44.1619809
292;1061.0;[1812.0];2022-06-20;2419.48;112.79700000000001;0;0.0;108.71183880000001
293;1061.0;[1781.0];2022-06-15;278.79;112.79700000000001;2;0.0;33.124074900000004
294;1061.0;[1668.0, 1654.0];2022-06-13;1071.0;112.79700000000001;0;-0.5;61.097010000000004
295;1061.0;[1444.0];2022-06-08;1850.0;112.79700000000001;2;0.0;88.60350000000001
296;1061.0;[1175.0];2022-06-01;874.8;112.79700000000001;2;0.0;54.169188000000005
297;1061.0;[944.0, 969.0, 882.0];2022-05-23;6438.86;112.79700000000001;0;-0.6666666666666666;250.63614660000002
298;1061.0;[874.0, 793.0];2022-05-18;1269.29;112.79700000000001;2;-1.5;68.09862989999999
299;1061.0;[622.0];2022-05-16;152.0;112.79700000000001;0;0.0;28.64712
300;1061.0;[564.0, 476.0, 421.0];2022-05-11;1748.67;112.79700000000001;2;-1.0;85.0255377
301;1061.0;[324.0];2022-05-09;1069.26;112.79700000000001;0;0.0;61.0355706
302;1061.0;[274.0, 192.0, 173.0];2022-05-04;3214.2000000000003;112.79700000000001;2;-1.0;136.77340200000003
303;1061.0;[61.0];2022-05-02;3532.5;112.79700000000001;0;0.0;148.01257500000003
304;1062.0;[7013.0];2022-10-25;1235.83;119.421;1;-1.0;66.9171573
305;1062.0;[6916.0];2022-10-21;616.89;119.421;4;-3.0;45.0623859
306;1062.0;[6692.0];2022-10-18;150.0;119.421;1;0.0;28.576500000000003
307;1062.0;[6600.0];2022-10-14;702.49;119.421;4;-3.0;48.0849219
308;1062.0;[6538.0];2022-10-13;212.99;119.421;3;0.0;30.800676900000003
309;1062.0;[6355.0];2022-10-11;155.04;119.421;1;0.0;28.7544624
310;1062.0;[6307.0];2022-10-07;348.32;119.421;4;-3.0;35.5791792
311;1062.0;[6179.0];2022-10-06;1364.65;119.421;3;0.0;71.46579150000001
312;1062.0;[6150.0, 6076.0];2022-10-04;729.5;119.421;1;-0.5;49.038645
313;1062.0;[5980.0];2022-09-30;6.5;119.421;4;0.0;23.509515
314;1062.0;[5799.0];2022-09-27;519.74;119.421;1;0.0;41.632019400000004
315;1062.0;[5662.0];2022-09-23;44.39;119.421;4;0.0;24.8474109
316;1062.0;[5580.0];2022-09-20;140.0;119.421;1;-1.0;28.2234
317;1062.0;[5466.0];2022-09-16;525.0;119.421;4;-3.0;41.817750000000004
318;1062.0;[5342.0];2022-09-15;1433.0;119.421;3;0.0;73.87923
319;1062.0;[5275.0, 5217.0];2022-09-13;837.0;119.421;1;-0.5;52.83447
320;1062.0;[5177.0];2022-09-09;353.0;119.421;4;-3.0;35.74443
321;1062.0;[4999.0];2022-09-08;1359.7;119.421;3;0.0;71.29100700000001
322;1062.0;[4945.0, 4890.0];2022-09-06;1502.54;119.421;1;-0.5;76.3346874
323;1062.0;[4735.0];2022-09-01;1632.0;119.421;3;0.0;80.90592000000001
324;1062.0;[4562.0];2022-08-26;1390.04;119.421;4;0.0;72.36231240000001
325;1062.0;[4483.0];2022-08-25;44.0;119.421;3;0.0;24.833640000000003
326;1062.0;[4390.0];2022-08-23;730.8;119.421;1;0.0;49.084548
327;1062.0;[4266.0];2022-08-18;1011.21;119.421;3;0.0;58.9858251
328;1062.0;[4172.0];2022-08-16;966.0;119.421;1;0.0;57.38946
329;1062.0;[4027.0];2022-08-09;28.0;119.421;1;-1.0;24.26868
330;1062.0;[3851.0];2022-08-05;317.0;119.421;4;0.0;34.47327
331;1062.0;[3762.0];2022-08-04;508.47;119.421;3;0.0;41.234075700000005
332;1062.0;[3731.0, 3651.0];2022-08-02;409.86;119.421;1;-0.5;37.752156600000006
333;1062.0;[3600.0];2022-07-29;302.0;119.421;4;-3.0;33.94362
334;1062.0;[3506.0];2022-07-28;4193.08;119.421;3;0.0;171.33765480000002
335;1062.0;[3366.0];2022-07-26;100.0;119.421;1;0.0;26.811
336;1062.0;[3225.0];2022-07-22;269.98;119.421;4;0.0;32.8129938
337;1062.0;[3142.0];2022-07-21;1665.03;119.421;3;0.0;82.0722093
338;1062.0;[3048.0];2022-07-19;1557.42;119.421;1;0.0;78.27250020000001
339;1062.0;[2985.0];2022-07-15;289.08;119.421;4;-3.0;33.4874148
340;1062.0;[2877.0];2022-07-14;1489.04;119.421;3;0.0;75.8580024
341;1062.0;[2786.0];2022-07-12;604.93;119.421;1;-1.0;44.6400783
342;1062.0;[2697.0, 2698.0];2022-07-08;3973.24;119.421;4;-3.0;163.57510440000001
343;1062.0;[2498.0];2022-07-07;652.82;119.421;3;0.0;46.3310742
344;1062.0;[2484.0, 2391.0];2022-07-05;4709.51;119.421;1;-0.5;189.57279810000003
345;1062.0;[2318.0];2022-06-30;134.51;119.421;3;0.0;28.0295481
346;1062.0;[2238.0];2022-06-28;1082.5;119.421;1;0.0;61.503075
347;1062.0;[2145.0, 2098.0];2022-06-24;2560.5299999999997;119.421;4;-1.5;113.69231429999999
348;1062.0;[1992.0];2022-06-23;1195.5;119.421;3;0.0;65.49310500000001
349;1062.0;[1780.0, 1680.0];2022-06-14;917.97;119.421;1;-0.5;55.69352070000001
350;1062.0;[1556.0];2022-06-10;524.71;119.421;4;0.0;41.8075101
351;1062.0;[1426.0, 1398.0];2022-06-07;591.54;119.421;1;-0.5;44.1672774
352;1062.0;[1339.0];2022-06-03;807.95;119.421;4;0.0;51.80871450000001
353;1062.0;[1291.0, 1292.0];2022-06-02;288.0;119.421;3;0.0;33.44928
354;1062.0;[1141.0];2022-05-31;3201.0;119.421;1;0.0;136.30731000000003
355;1062.0;[1110.0];2022-05-27;880.5;119.421;4;-3.0;54.37045500000001
356;1062.0;[1040.0, 968.0];2022-05-24;521.21;119.421;1;-0.5;41.68392510000001
357;1062.0;[932.0, 873.0];2022-05-20;497.62;119.421;4;-1.5;40.8509622
358;1062.0;[794.0];2022-05-19;304.0;119.421;3;0.0;34.01424
359;1062.0;[760.0];2022-05-17;779.42;119.421;1;-1.0;50.801320200000006
360;1062.0;[621.0, 563.0];2022-05-13;907.5;119.421;4;-1.5;55.323825
361;1062.0;[477.0];2022-05-12;164.0;119.421;3;0.0;29.07084
362;1062.0;[462.0, 365.0];2022-05-10;2104.26;119.421;1;-0.5;97.58142060000002
363;1062.0;[275.0];2022-05-06;126.0;119.421;4;0.0;27.72906
364;1062.0;[191.0];2022-05-05;2287.31;119.421;3;0.0;104.04491610000001
365;1062.0;[171.0, 172.0];2022-05-03;2359.0;119.421;1;-1.0;106.57629000000001
366;1062.0;[62.0];2022-04-29;289.96;119.421;4;-3.0;33.5184876
367;1063.0;[7098.0];2022-10-28;1091.31;124.601;4;0.0;61.8141561
368;1063.0;[7076.0];2022-10-26;598.11;124.601;2;-1.0;44.399264099999996
369;1063.0;[6972.0, 6842.0];2022-10-21;186.74;124.601;4;-2.0;29.8737894
370;1063.0;[6736.0];2022-10-19;762.0;124.601;2;0.0;50.186220000000006
371;1063.0;[6697.0, 6698.0, 6543.0];2022-10-14;4520.59;124.601;4;-2.6666666666666665;182.90203290000002
372;1063.0;[6436.0];2022-10-12;213.95;124.601;2;0.0;30.834574500000002
373;1063.0;[6356.0];2022-10-07;492.0;124.601;4;-4.0;40.65252
374;1063.0;[6151.0];2022-10-05;345.6;124.601;2;0.0;35.483136
375;1063.0;[6079.0];2022-09-30;321.0;124.601;4;-4.0;34.61451
376;1063.0;[5951.0, 5952.0];2022-09-28;1445.71;124.601;2;-1.0;74.3280201
377;1063.0;[5800.0, 5801.0];2022-09-23;2703.27;124.601;4;-4.0;118.73246370000001
378;1063.0;[5588.0, 5589.0];2022-09-21;1079.0;124.601;2;-1.0;61.379490000000004
379;1063.0;[5522.0, 5382.0];2022-09-16;110.95;124.601;4;-2.0;27.197644500000003
380;1063.0;[5344.0, 5279.0];2022-09-14;445.0;124.601;2;-0.5;38.99295
381;1063.0;[5150.0, 5108.0];2022-09-09;1544.04;124.601;4;-1.5;77.8000524
382;1063.0;[4700.0];2022-08-31;125.82;124.601;2;0.0;27.722704200000003
383;1063.0;[4598.0, 4599.0];2022-08-26;2782.6299999999997;125.324;4;-3.0;121.5346653
384;1063.0;[4043.0];2022-08-10;124.0;125.324;2;-1.0;27.658440000000002
385;1063.0;[3967.0, 3921.0, 3922.0];2022-08-05;1243.0;124.601;4;-3.3333333333333335;67.17033
386;1063.0;[3795.0];2022-08-03;1330.0;124.601;2;-1.0;70.2423
387;1063.0;[3649.0, 3595.0];2022-07-29;561.6;124.601;4;-3.5;43.110096
388;1063.0;[3325.0];2022-07-22;27.37;124.601;4;-3.0;24.246434700000002
389;1063.0;[3091.0];2022-07-20;24.13;124.601;2;0.0;24.1320303
390;1063.0;[2881.0];2022-07-13;380.64;124.601;2;-1.0;36.7203984
391;1063.0;[2502.0];2022-07-06;1930.0;124.601;2;-1.0;91.42830000000001
392;1063.0;[2392.0];2022-07-01;159.0;125.324;4;-4.0;28.89429
393;1063.0;[2237.0, 2144.0, 2099.0];2022-06-24;2850.71;124.601;4;-2.3333333333333335;123.9385701
394;1063.0;[1890.0];2022-06-17;2183.6;125.324;4;-4.0;100.382916
395;1063.0;[1683.0];2022-06-10;2688.0;124.601;4;-4.0;118.19328
396;1063.0;[1108.0];2022-05-27;202.0;124.601;4;-3.0;30.412620000000004
397;1063.0;[1042.0];2022-05-25;143.12;124.601;2;0.0;28.3335672
398;1063.0;[779.0, 732.0, 733.0];2022-05-18;1198.87;124.601;2;-0.3333333333333333;65.6120997
399;1063.0;[684.0, 561.0];2022-05-13;3599.16;124.601;4;-2.0;150.3663396
400;1063.0;[479.0, 464.0, 465.0];2022-05-11;5374.11;124.601;2;-0.3333333333333333;213.0398241
401;1063.0;[321.0];2022-05-06;47.6;124.601;4;-3.0;24.960756
402;1063.0;[190.0];2022-05-04;357.0;124.601;2;-1.0;35.885670000000005
403;1063.0;[123.0, 63.0];2022-04-29;203.8;124.601;4;-3.5;30.476178
404;1065.0;[6944.0];2022-10-24;3893.0;166.78400000000002;0;-1.0;160.74183000000002
405;1065.0;[6817.0];2022-10-20;2106.0;166.78400000000002;3;0.0;97.64286
406;1065.0;[6664.0];2022-10-17;974.0;166.78400000000002;0;-1.0;57.671940000000006
407;1065.0;[6540.0];2022-10-13;2950.0;166.78400000000002;3;0.0;127.4445
408;1065.0;[6342.0];2022-10-10;4109.0;166.78400000000002;0;-1.0;168.36879000000002
409;1065.0;[6188.0];2022-10-06;1925.0;166.78400000000002;3;0.0;91.25175
410;1065.0;[5913.0];2022-09-29;1070.0;166.78400000000002;3;0.0;61.06170000000001
411;1065.0;[5595.0];2022-09-22;505.0;166.78400000000002;3;0.0;41.11155000000001
412;1065.0;[5530.0];2022-09-19;7778.0;166.78400000000002;0;-1.0;297.92118000000005
413;1065.0;[5336.0];2022-09-15;3945.0;166.78400000000002;3;0.0;162.57795000000002
414;1065.0;[5036.0];2022-09-08;3995.0;166.78400000000002;3;0.0;164.34345000000002
415;1065.0;[4737.0];2022-09-01;5290.0;165.868;3;0.0;210.06990000000002
416;1065.0;[4486.0];2022-08-25;1070.0;166.78400000000002;3;0.0;61.06170000000001
417;1065.0;[4367.0, 4368.0];2022-08-22;3119.0;166.78400000000002;0;-1.0;133.41189000000003
418;1065.0;[3808.0];2022-08-04;4202.0;166.78400000000002;3;0.0;171.65261999999998
419;1065.0;[3636.0, 3639.0];2022-08-01;7412.0;166.78400000000002;0;-1.0;284.9977200000001
420;1065.0;[3359.0];2022-07-25;1938.0;166.78400000000002;0;-1.0;91.71078
421;1065.0;[3137.0];2022-07-21;3948.0;166.78400000000002;3;0.0;162.68388000000002
422;1065.0;[3018.0, 3055.0];2022-07-18;8552.0;166.78400000000002;0;-1.0;325.25112
423;1065.0;[2826.0];2022-07-14;1950.0;166.78400000000002;3;0.0;92.1345
424;1065.0;[2707.0];2022-07-11;2131.0;166.78400000000002;0;-1.0;98.52561
425;1065.0;[2505.0];2022-07-07;438.0;166.78400000000002;3;0.0;38.74578
426;1065.0;[2362.0];2022-07-04;4971.0;166.78400000000002;0;-1.0;198.80601000000001
427;1065.0;[2188.0, 2189.0];2022-06-27;3382.0;166.78400000000002;0;-1.0;142.69842
428;1065.0;[2000.0, 2001.0];2022-06-23;495.0;166.78400000000002;3;0.0;40.75845
429;1065.0;[1874.0];2022-06-20;6079.0;166.78400000000002;0;-1.0;237.92949000000002
430;1065.0;[1671.0];2022-06-13;2385.0;166.78400000000002;0;-1.0;107.49435000000001
431;1065.0;[1511.0, 1512.0];2022-06-09;3136.0;166.78400000000002;3;0.0;134.01216
432;1065.0;[1360.0];2022-06-06;2384.0;166.78400000000002;0;-1.0;107.45904000000002
433;1065.0;[1301.0, 1303.0];2022-06-02;2108.0;166.78400000000002;3;0.0;97.71348000000002
434;1065.0;[963.0, 884.0];2022-05-23;6890.0;165.868;0;-0.5;266.56590000000006
435;1065.0;[777.0];2022-05-19;373.0;166.78400000000002;3;0.0;36.450630000000004
436;1065.0;[689.0];2022-05-16;176.0;166.78400000000002;0;-1.0;29.49456
437;1065.0;[484.0];2022-05-12;5675.0;166.78400000000002;3;0.0;223.66425
438;1065.0;[185.0];2022-05-05;1264.0;166.78400000000002;3;0.0;67.91184000000001
439;1065.0;[65.0];2022-05-02;512.0;166.78400000000002;0;-1.0;41.358720000000005
440;1067.0;[6954.0];2022-10-25;737.0;63.851000000000006;1;0.0;49.303470000000004
441;1067.0;[6779.0];2022-10-20;256.0;63.851000000000006;3;0.0;32.31936
442;1067.0;[6630.0, 6566.0, 6492.0];2022-10-13;2132.0;63.851000000000006;3;-1.6666666666666667;98.56092
443;1067.0;[6368.0];2022-10-11;658.5;63.851000000000006;1;0.0;46.531635
444;1067.0;[6049.0];2022-10-04;941.0;63.851000000000006;1;0.0;56.50671
445;1067.0;[5943.0];2022-09-29;294.5;63.851000000000006;3;0.0;33.678795
446;1067.0;[5810.0];2022-09-27;287.5;63.851000000000006;1;0.0;33.431625
447;1067.0;[5634.0];2022-09-22;31.0;63.851000000000006;3;0.0;24.37461
448;1067.0;[5501.0];2022-09-20;256.5;63.851000000000006;1;0.0;32.337015
449;1067.0;[5186.0];2022-09-13;1580.0;63.851000000000006;1;0.0;79.0698
450;1067.0;[5057.0];2022-09-08;407.0;63.851000000000006;3;0.0;37.65117
451;1067.0;[4915.0];2022-09-06;3800.5;63.851000000000006;1;0.0;157.475655
452;1067.0;[4640.0];2022-08-30;519.0;63.851000000000006;1;0.0;41.60589
453;1067.0;[4499.0];2022-08-25;723.5;63.851000000000006;3;0.0;48.826785
454;1067.0;[4399.0];2022-08-23;969.0;63.851000000000006;1;0.0;57.49539
455;1067.0;[4151.0];2022-08-16;1329.0;63.851000000000006;1;0.0;70.20699
456;1067.0;[3933.0];2022-08-09;3792.0;63.851000000000006;1;0.0;157.17552
457;1067.0;[3770.0];2022-08-04;249.0;63.851000000000006;3;0.0;32.07219
458;1067.0;[3483.0];2022-07-28;1498.0;63.851000000000006;3;0.0;76.17438000000001
459;1067.0;[3185.0];2022-07-21;1091.0;63.851000000000006;3;0.0;61.80321
460;1067.0;[3032.0];2022-07-19;893.5;63.851000000000006;1;0.0;54.829485000000005
461;1067.0;[2859.0];2022-07-14;3531.5;63.851000000000006;3;0.0;147.97726500000002
462;1067.0;[2656.0, 2507.0];2022-07-07;3179.0;63.851000000000006;3;-2.0;135.53049
463;1067.0;[2393.0];2022-07-05;1616.0;63.851000000000006;1;0.0;80.34096000000001
464;1067.0;[2199.0];2022-06-28;109.5;63.851000000000006;1;0.0;27.146445
465;1067.0;[1915.0];2022-06-21;3339.5;63.851000000000006;1;-1.0;141.197745
466;1067.0;[1673.0];2022-06-14;1882.0;63.851000000000006;1;0.0;89.73342
467;1067.0;[1500.0];2022-06-09;144.0;63.851000000000006;3;0.0;28.36464
468;1067.0;[1364.0];2022-06-07;395.5;63.851000000000006;1;0.0;37.245105
469;1067.0;[1127.0];2022-05-31;1271.0;63.851000000000006;1;0.0;68.15901
470;1067.0;[946.0];2022-05-24;6427.0;63.851000000000006;1;0.0;250.21737000000002
471;1067.0;[815.0];2022-05-19;513.0;63.851000000000006;3;0.0;41.39403
472;1067.0;[669.0];2022-05-17;1225.5;63.851000000000006;1;0.0;66.55240500000001
473;1067.0;[518.0];2022-05-12;240.5;63.851000000000006;3;0.0;31.772055
474;1067.0;[374.0];2022-05-10;2022.0;63.851000000000006;1;0.0;94.67682
475;1067.0;[199.0];2022-05-05;1657.5;63.851000000000006;3;0.0;81.80632500000002
476;1067.0;[67.0];2022-05-03;2094.0;63.851000000000006;1;0.0;97.21914
477;1068.0;[7043.0];2022-10-27;5049.88;67.521;3;0.0;201.59126280000004
478;1068.0;[6955.0];2022-10-25;6772.78;67.521;1;0.0;262.4268618
479;1068.0;[6780.0];2022-10-20;2750.7;67.521;3;0.0;120.407217
480;1068.0;[6714.0];2022-10-18;4404.15;67.521;1;0.0;178.7905365
481;1068.0;[6493.0];2022-10-13;1074.98;67.521;3;0.0;61.2375438
482;1068.0;[6369.0];2022-10-11;1582.95;67.521;1;0.0;79.17396450000001
483;1068.0;[6165.0];2022-10-06;6447.97;67.521;3;0.0;250.9578207
484;1068.0;[6051.0];2022-10-04;774.84;67.521;1;0.0;50.639600400000006
485;1068.0;[5944.0];2022-09-29;5403.33;67.521;3;0.0;214.07158230000002
486;1068.0;[5811.0];2022-09-27;3865.96;67.521;1;0.0;159.78704760000002
487;1068.0;[5635.0];2022-09-22;663.17;67.521;3;0.0;46.696532700000006
488;1068.0;[5479.0];2022-09-20;4773.75;67.521;1;0.0;191.8411125
489;1068.0;[5304.0];2022-09-15;4179.9;67.521;3;0.0;170.872269
490;1068.0;[5187.0];2022-09-13;5209.96;67.521;1;0.0;207.24368760000002
491;1068.0;[5059.0];2022-09-08;4978.92;67.521;3;0.0;199.08566520000002
492;1068.0;[4916.0];2022-09-06;3792.33;67.521;1;0.0;157.18717230000001
493;1068.0;[4732.0];2022-09-01;10886.59;67.521;3;0.0;407.6854929
494;1068.0;[4639.0];2022-08-30;884.59;67.521;1;0.0;54.5148729
495;1068.0;[4498.0];2022-08-25;4392.56;67.521;3;0.0;178.38129360000002
496;1068.0;[4398.0];2022-08-23;6370.02;67.521;1;0.0;248.20540620000003
497;1068.0;[4242.0];2022-08-18;10465.3;67.521;3;0.0;392.809743
498;1068.0;[4152.0];2022-08-16;3208.5;67.521;1;0.0;136.572135
499;1068.0;[4047.0];2022-08-11;6492.96;67.521;3;0.0;252.5464176
500;1068.0;[3934.0];2022-08-09;4094.6;67.521;1;0.0;167.86032600000001
501;1068.0;[3771.0];2022-08-04;979.42;67.521;3;0.0;57.863320200000004
502;1068.0;[3656.0];2022-08-02;3146.04;67.521;1;0.0;134.36667240000003
503;1068.0;[3482.0];2022-07-28;1935.04;67.521;3;0.0;91.6062624
504;1068.0;[3349.0];2022-07-26;2138.88;67.521;1;0.0;98.80385280000002
505;1068.0;[3187.0];2022-07-21;8551.59;67.521;3;0.0;325.2366429
506;1068.0;[3034.0];2022-07-19;2611.01;67.521;1;0.0;115.47476310000002
507;1068.0;[2862.0];2022-07-14;3742.0;67.521;3;0.0;155.41002000000003
508;1068.0;[2751.0];2022-07-12;1656.37;67.521;1;0.0;81.7664247
509;1068.0;[2508.0];2022-07-07;5311.17;67.521;3;0.0;210.8174127
510;1068.0;[2395.0];2022-07-05;8040.46;67.521;1;0.0;307.1886426
511;1068.0;[2200.0];2022-06-28;2806.71;67.521;1;0.0;122.38493010000002
512;1068.0;[2029.0];2022-06-23;3882.96;67.521;3;0.0;160.38731760000002
513;1068.0;[1891.0];2022-06-21;5923.28;67.521;1;0.0;232.4310168
514;1068.0;[1674.0];2022-06-14;8339.61;67.521;1;0.0;317.75162910000006
515;1068.0;[1499.0];2022-06-09;1244.74;67.521;3;0.0;67.2317694
516;1068.0;[1393.0];2022-06-07;3364.08;67.521;1;0.0;142.06566479999998
517;1068.0;[1279.0];2022-06-02;2513.42;67.521;3;0.0;112.02886020000001
518;1068.0;[1129.0];2022-05-31;4216.83;67.521;1;0.0;172.1762673
519;1068.0;[947.0];2022-05-24;6815.44;67.521;1;0.0;263.9331864
520;1068.0;[814.0];2022-05-19;6416.71;67.521;3;0.0;249.85403010000002
521;1068.0;[671.0];2022-05-17;6448.89;67.521;1;0.0;250.99030590000004
522;1068.0;[519.0];2022-05-12;4143.61;67.521;3;0.0;169.59086910000002
523;1068.0;[375.0];2022-05-10;1583.39;67.521;1;0.0;79.18950090000001
524;1068.0;[200.0];2022-05-05;5818.1;67.521;3;0.0;228.71711100000005
525;1068.0;[68.0];2022-05-03;2861.74;67.521;1;0.0;124.3280394
526;1070.0;[6959.0, 6877.0];2022-10-21;2172.0;86.09200000000001;4;-2.0;99.97332
527;1070.0;[6783.0, 6718.0, 6568.0];2022-10-14;6761.63;86.09200000000001;4;-3.3333333333333335;262.0331553
528;1070.0;[5816.0];2022-09-23;4142.98;86.09200000000001;4;-4.0;169.5686238
529;1070.0;[5643.0];2022-09-16;740.0;86.09200000000001;4;-6.0;49.409400000000005
530;1070.0;[5064.0, 4921.0];2022-09-02;4164.0;86.09200000000001;4;-5.0;170.31083999999998
531;1070.0;[4734.0];2022-08-26;9366.75;86.09200000000001;4;-6.0;354.01994249999996
532;1070.0;[4455.0];2022-08-19;5088.0;86.09200000000001;4;-5.0;202.93728
533;1070.0;[4050.0, 3938.0];2022-08-05;4385.5;86.09200000000001;4;-5.0;178.132005
534;1070.0;[3777.0, 3657.0];2022-07-29;6496.0;86.09200000000001;4;-5.0;252.65376
535;1070.0;[3356.0];2022-07-22;776.0;86.09200000000001;4;-4.0;50.68056
536;1070.0;[2884.0];2022-07-08;1028.0;86.09200000000001;4;-6.0;59.57868
537;1070.0;[2514.0];2022-07-01;1080.0;86.09200000000001;4;-6.0;61.41480000000001
538;1070.0;[2262.0, 2203.0];2022-06-24;5812.5;86.09200000000001;4;-5.0;228.519375
539;1070.0;[2036.0, 1896.0];2022-06-17;5700.77;86.09200000000001;4;-5.0;224.57418870000004
540;1070.0;[1676.0];2022-06-10;493.4;86.09200000000001;4;-4.0;40.701954
541;1070.0;[1502.0];2022-06-03;796.0;86.09200000000001;4;-6.0;51.38676
542;1070.0;[1281.0, 1131.0];2022-05-27;2534.0;86.09200000000001;4;-5.0;112.75554000000001
543;1070.0;[674.0];2022-05-13;4134.0;86.09200000000001;4;-4.0;169.25154
544;1070.0;[524.0, 431.0];2022-05-06;1241.0;86.09200000000001;4;-5.5;67.09971000000002
545;1070.0;[70.0];2022-04-29;55.33;86.09200000000001;4;-4.0;25.2337023
546;1076.0;[6831.0, 6770.0];2022-10-19;1874.05;43.025;2;-0.5;89.4527055
547;1076.0;[6683.0, 6576.0];2022-10-12;1069.87;43.025;2;-4.0;61.057109700000005
548;1076.0;[6223.0, 6196.0];2022-10-05;2732.13;43.025;2;-1.5;119.7515103
549;1076.0;[5728.0, 5600.0, 5547.0];2022-09-21;4349.129999999999;43.025;2;-2.0;176.84778029999998
550;1076.0;[4467.0];2022-08-24;2914.17;43.025;2;0.0;126.1793427
551;1076.0;[4030.0];2022-08-10;787.78;43.025;2;0.0;51.0965118
552;1076.0;[3955.0, 3911.0];2022-08-03;6108.55;43.025;2;-5.5;238.9729005
553;1076.0;[3675.0, 3628.0, 3540.0, 3401.0];2022-07-27;3193.47;43.025;2;-3.25;136.0414257
554;1076.0;[3374.0, 3314.0, 3086.0];2022-07-20;1753.17;43.025;2;-3.6666666666666665;85.1844327
555;1076.0;[3070.0, 3000.0, 2850.0];2022-07-13;1893.79;43.025;2;-4.0;90.1497249
556;1076.0;[2677.0, 2517.0, 2475.0];2022-07-06;2741.7799999999997;43.025;2;-2.0;120.0922518
557;1076.0;[2403.0];2022-06-29;434.56;43.025;2;-6.0;38.6243136
558;1076.0;[1761.0];2022-06-15;109.0;43.025;2;0.0;27.128790000000002
559;1076.0;[1723.0, 1610.0, 1533.0];2022-06-08;2637.66;43.025;2;-3.0;116.4157746
560;1076.0;[720.0];2022-05-18;976.64;43.025;2;0.0;57.765158400000004
561;1076.0;[208.0, 149.0];2022-05-04;2153.0;43.025;2;-0.5;99.30243000000002
562;1076.0;[80.0];2022-04-27;3300.08;43.025;2;-6.0;139.80582479999998
563;1082.0;[7111.0];2022-10-28;6099.14;66.219;4;0.0;238.6406334
564;1082.0;[7109.0, 7007.0, 6887.0];2022-10-21;5173.99;66.219;4;-3.6666666666666665;205.9735869
565;1082.0;[6784.0, 6657.0, 6643.0, 6556.0];2022-10-14;22885.03;66.219;4;-3.25;831.3504093
566;1082.0;[6431.0, 6219.0];2022-10-07;24658.04;66.219;4;-2.6666666666666665;893.9553924
567;1082.0;[6272.0];2022-10-07;2443.0;66.219;4;-2.6666666666666665;109.54233
568;1082.0;[6015.0];2022-09-30;6699.0;66.219;4;0.0;259.82169
569;1082.0;[5690.0];2022-09-23;2978.25;66.219;4;0.0;128.4420075
570;1082.0;[5428.0, 5370.0];2022-09-16;12320.01;66.219;4;-1.5;458.2995531
571;1082.0;[5294.0, 5123.0];2022-09-09;24090.969999999998;66.219;4;-3.0;873.9321507
572;1082.0;[5114.0];2022-09-09;7211.97;66.219;4;-3.0;277.93466070000005
573;1082.0;[4670.0, 4527.0];2022-08-26;17895.41;66.219;4;-2.5;655.1669271000001
574;1082.0;[4287.0];2022-08-19;5964.96;66.219;4;0.0;233.90273760000002
575;1082.0;[4191.0];2022-08-12;1763.64;66.219;4;-5.0;85.55412840000001
576;1082.0;[3257.0, 3211.0];2022-07-22;2386.8599999999997;66.219;4;-1.5;107.5600266
577;1082.0;[3101.0, 2950.0];2022-07-15;10149.33;66.219;4;-4.0;381.6528423
578;1082.0;[2660.0];2022-07-08;3441.05;66.219;4;-3.0;144.7834755
579;1082.0;[2342.0];2022-07-01;4931.8;66.219;4;-3.0;197.42185800000001
580;1082.0;[1946.0];2022-06-17;5515.0;66.219;4;-5.0;218.01465000000002
581;1082.0;[1733.0];2022-06-10;23123.84;66.219;4;-5.0;839.7827904000001
582;1082.0;[1746.0];2022-06-10;6070.39;66.219;4;-5.0;237.6254709
583;1082.0;[843.0];2022-05-20;6973.88;66.219;4;0.0;269.52770280000004
584;1082.0;[537.0];2022-05-13;3950.0;66.219;4;0.0;162.7545
585;1082.0;[528.0, 305.0, 295.0];2022-05-06;19316.48;66.219;4;-3.75;705.3449088
586;1082.0;[511.0];2022-05-06;12287.0;66.219;4;-3.75;457.13397
587;1082.0;[88.0];2022-04-29;9293.63;66.219;4;-4.0;351.4380752999999
588;1084.0;[7004.0];2022-10-25;1107.0;85.64;1;-1.0;62.368170000000006
589;1084.0;[6886.0];2022-10-21;378.04;85.64;4;0.0;36.6285924
590;1084.0;[6645.0, 6555.0];2022-10-14;322.08;85.64;4;-1.5;34.652644800000004
591;1084.0;[6427.0];2022-10-11;402.6;85.64;1;-1.0;37.495806
592;1084.0;[6123.0];2022-10-04;5836.6;85.64;1;-1.0;229.370346
593;1084.0;[5697.0];2022-09-23;199.73;85.64;4;-3.0;30.3324663
594;1084.0;[5552.0];2022-09-20;307.1;85.64;1;-1.0;34.123701000000004
595;1084.0;[5127.0, 5073.0];2022-09-09;1354.43;85.64;4;-1.5;71.1049233
596;1084.0;[4817.0];2022-09-02;2549.0;85.64;4;0.0;113.28519
597;1084.0;[4417.0];2022-08-23;100.0;85.64;1;-1.0;26.811
598;1084.0;[4194.0];2022-08-16;2324.27;85.64;1;-1.0;105.3499737
599;1084.0;[4084.0];2022-08-12;3593.97;85.64;4;0.0;150.1830807
600;1084.0;[3982.0];2022-08-09;763.86;85.64;1;-1.0;50.25189660000001
601;1084.0;[3878.0];2022-08-05;302.0;85.64;4;-3.0;33.94362
602;1084.0;[3753.0];2022-08-02;572.1;85.64;1;-1.0;43.480851
603;1084.0;[3439.0];2022-07-26;653.79;85.64;1;-1.0;46.365324900000005
604;1084.0;[3254.0];2022-07-22;990.54;85.64;4;-3.0;58.2559674
605;1084.0;[3150.0];2022-07-19;256.5;85.64;1;-2.0;32.337015
606;1084.0;[2953.0];2022-07-15;1152.0;85.64;4;-3.0;63.95712
607;1084.0;[2797.0];2022-07-12;1153.69;85.64;1;-1.0;64.01679390000001
608;1084.0;[2445.0];2022-07-05;1405.83;85.64;1;-1.0;72.9198573
609;1084.0;[2343.0];2022-07-01;33.93;85.64;4;-3.0;24.4780683
610;1084.0;[2125.0, 2061.0];2022-06-24;525.75;85.64;4;-1.5;41.844232500000004
611;1084.0;[1943.0];2022-06-21;286.46;85.64;1;-1.0;33.3949026
612;1084.0;[1578.0];2022-06-10;3282.57;85.64;4;0.0;139.1875467
613;1084.0;[1487.0, 1430.0];2022-06-07;3814.4700000000003;85.64;1;-1.5;157.96893570000003
614;1084.0;[1342.0];2022-06-03;1526.08;85.64;4;0.0;77.1658848
615;1084.0;[1214.0];2022-05-31;3235.6;85.64;1;-1.0;137.52903600000002
616;1084.0;[806.0, 753.0, 703.0];2022-05-17;3137.87;85.64;1;-1.0;134.0781897
617;1084.0;[541.0];2022-05-13;1330.22;85.64;4;0.0;70.2500682
618;1084.0;[327.0, 259.0];2022-05-06;1109.27;85.64;4;-1.5;62.4483237
619;1084.0;[136.0, 90.0];2022-05-03;1280.0;85.64;1;-0.5;68.4768
620;1088.0;[7097.0, 7051.0];2022-10-27;1564.04;61.53;3;-0.5;78.50625240000001
621;1088.0;[6505.0];2022-10-13;2160.0;61.577;3;0.0;99.54960000000001
622;1088.0;[6464.0, 6209.0];2022-10-06;1825.91;61.577;3;-3.0;87.75288210000001
623;1088.0;[5923.0];2022-09-29;6.0;61.577;3;0.0;23.491860000000003
624;1088.0;[5230.0, 5158.0];2022-09-08;3337.31;61.577;3;-4.5;141.1204161
625;1088.0;[4957.0, 4811.0];2022-09-01;1517.3899999999999;61.577;3;-3.5;76.8590409
626;1088.0;[4687.0];2022-08-25;227.26;61.577;3;-6.0;31.304550600000002
627;1088.0;[4313.0];2022-08-18;113.67;61.577;3;-1.0;27.2936877
628;1088.0;[4206.0];2022-08-11;167.09;61.577;3;-6.0;29.179947900000002
629;1088.0;[3702.0, 3668.0];2022-07-28;865.74;61.577;3;-5.5;53.8492794
630;1088.0;[3392.0, 3167.0];2022-07-21;323.81;61.577;3;-2.5;34.713731100000004
631;1088.0;[3043.0, 3012.0];2022-07-14;562.53;61.53;3;-4.5;43.1429343
632;1088.0;[2740.0, 2540.0];2022-07-07;3599.05;61.577;3;-2.5;150.3624555
633;1088.0;[2384.0, 2271.0];2022-06-30;1704.5;61.577;3;-2.5;83.465895
634;1088.0;[2017.0];2022-06-23;1285.0;61.577;3;0.0;68.65335000000002
635;1088.0;[1825.0];2022-06-16;10.93;61.577;3;-4.0;23.6659383
636;1088.0;[1546.0];2022-06-09;11.0;61.577;3;0.0;23.66841
637;1088.0;[1377.0, 1250.0];2022-06-02;2773.61;61.577;3;-2.5;121.21616910000002
638;1088.0;[1221.0, 1125.0];2022-05-26;870.47;61.577;3;-5.5;54.0162957
639;1088.0;[1032.0, 937.0];2022-05-19;1244.69;61.577;3;-5.5;67.23000390000001
640;1088.0;[664.0];2022-05-12;2688.13;61.577;3;-5.0;118.1978703
641;1088.0;[396.0, 238.0];2022-05-05;552.5899999999999;61.577;3;-2.5;42.7919529
642;1088.0;[96.0];2022-04-28;20.74;61.577;3;-5.0;24.012329400000002
643;1089.0;[6910.0];2022-10-21;1679.64;61.68;4;-3.0;82.5880884
644;1089.0;[6703.0];2022-10-18;23.65;61.68;1;0.0;24.115081500000002
645;1089.0;[6642.0];2022-10-14;751.91;61.68;4;-3.0;49.8299421
646;1089.0;[6504.0, 6465.0];2022-10-11;2706.55;61.68;1;-1.5;118.84828050000002
647;1089.0;[6325.0];2022-10-07;1522.07;61.68;4;-3.0;77.0242917
648;1089.0;[6210.0];2022-10-04;2674.97;61.68;1;-2.0;117.7331907
649;1089.0;[5924.0];2022-09-27;388.0;61.68;1;-2.0;36.98028
650;1089.0;[5766.0];2022-09-23;9828.89;61.68;4;-3.0;370.3381059000001
651;1089.0;[5486.0];2022-09-20;582.49;61.68;1;0.0;43.8477219
652;1089.0;[5454.0];2022-09-16;7.63;61.68;4;-3.0;23.5494153
653;1089.0;[5300.0];2022-09-13;266.33;61.68;1;-2.0;32.6841123
654;1089.0;[5157.0];2022-09-09;82.97;61.68;4;-3.0;26.2096707
655;1089.0;[4688.0];2022-08-30;5195.48;61.68;1;-1.0;206.7323988
656;1089.0;[4589.0];2022-08-26;88.4;61.68;4;-3.0;26.401404000000003
657;1089.0;[4512.0, 4453.0];2022-08-23;1069.15;61.68;1;-1.5;61.031686500000006
658;1089.0;[4358.0];2022-08-19;3613.57;61.68;4;-3.0;150.8751567
659;1089.0;[4111.0];2022-08-12;340.27;61.68;4;0.0;35.2949337
660;1089.0;[3861.0];2022-08-05;617.0;61.68;4;0.0;45.06627
661;1089.0;[3804.0, 3701.0, 3669.0];2022-08-02;4021.2300000000005;61.68;1;-1.0;165.26963130000004
662;1089.0;[3502.0, 3430.0];2022-07-26;12718.51;61.68;1;-1.5;472.3705881000001
663;1089.0;[3264.0, 3248.0];2022-07-22;4112.41;61.68;4;-1.5;168.48919709999998
664;1089.0;[3166.0, 3044.0];2022-07-19;176.03;61.68;1;-1.0;29.4956193
665;1089.0;[3011.0];2022-07-15;290.76;61.68;4;-3.0;33.546735600000005
666;1089.0;[2843.0];2022-07-12;610.01;61.68;1;-2.0;44.819453100000004
667;1089.0;[2541.0, 2386.0];2022-07-05;1477.43;61.68;1;-1.0;75.4480533
668;1089.0;[2350.0];2022-07-01;630.8;61.68;4;-3.0;45.553548
669;1089.0;[2270.0];2022-06-28;1373.54;61.68;1;-2.0;71.7796974
670;1089.0;[2182.0];2022-06-24;202.5;61.68;4;-3.0;30.430275
671;1089.0;[1884.0];2022-06-21;393.13;61.68;1;0.0;37.1614203
672;1089.0;[1821.0];2022-06-17;118.0;61.68;4;-3.0;27.44658
673;1089.0;[1701.0];2022-06-14;1379.76;61.68;1;0.0;71.9993256
674;1089.0;[1545.0];2022-06-07;664.5;61.68;1;-2.0;46.743495
675;1089.0;[1124.0];2022-05-31;919.67;61.68;1;0.0;55.7535477
676;1089.0;[1033.0, 938.0];2022-05-24;3902.3199999999997;61.68;1;-0.5;161.0709192
677;1089.0;[738.0, 663.0];2022-05-17;946.16;61.68;1;-0.5;56.6889096
678;1089.0;[506.0, 395.0];2022-05-10;876.4;61.68;1;-1.0;54.225684
679;1089.0;[237.0, 97.0];2022-05-03;1343.3;61.68;1;-1.0;70.71192300000001
680;1091.0;[7115.0, 7063.0];2022-10-27;1794.06;15.761;3;-0.5;86.62825860000001
681;1091.0;[6988.0];2022-10-25;5297.63;15.761;1;0.0;210.3393153
682;1091.0;[6509.0];2022-10-13;129.0;15.761;3;0.0;27.83499
683;1091.0;[6393.0];2022-10-11;186.88;15.761;1;0.0;29.8787328
684;1091.0;[6254.0];2022-10-06;216.0;15.761;3;-1.0;30.90696
685;1091.0;[5790.0];2022-09-27;42.26;15.761;1;0.0;24.7722006
686;1091.0;[5611.0];2022-09-22;1458.75;15.761;3;0.0;74.78846250000001
687;1091.0;[5535.0];2022-09-20;2520.0;15.761;1;-1.0;112.26120000000002
688;1091.0;[5427.0];2022-09-15;1881.79;15.761;3;-4.0;89.7260049
689;1091.0;[5032.0];2022-09-08;324.06;15.761;3;0.0;34.7225586
690;1091.0;[4963.0, 4930.0];2022-09-06;198.81;15.761;1;-0.5;30.299981100000004
691;1091.0;[4841.0, 4824.0, 4755.0];2022-09-01;1364.5700000000002;15.761;3;-1.6666666666666667;71.46296670000001
692;1091.0;[4682.0];2022-08-30;380.0;15.761;1;-1.0;36.6978
693;1091.0;[4539.0];2022-08-25;1192.0;15.761;3;-1.0;65.36952000000001
694;1091.0;[4458.0];2022-08-23;19.39;15.761;1;-1.0;23.964660900000002
695;1091.0;[4363.0, 4264.0];2022-08-18;4210.0;15.761;3;-2.0;171.9351
696;1091.0;[4203.0];2022-08-16;54.0;15.761;1;-1.0;25.18674
697;1091.0;[4065.0];2022-08-11;3104.0;15.761;3;0.0;132.88224000000002
698;1091.0;[3939.0];2022-08-09;1586.5;15.761;1;0.0;79.299315
699;1091.0;[3780.0];2022-08-04;1080.0;15.761;3;0.0;61.41480000000001
700;1091.0;[3739.0];2022-08-02;998.0;15.761;1;-1.0;58.519380000000005
701;1091.0;[3611.0];2022-07-28;1163.0;15.761;3;-4.0;64.34553000000001
702;1091.0;[3413.0, 3340.0];2022-07-26;2191.0;15.761;1;-0.5;100.64421
703;1091.0;[3299.0];2022-07-21;1109.0;15.761;3;-4.0;62.438790000000004
704;1091.0;[2978.0, 2872.0];2022-07-14;559.94;15.761;3;-2.0;43.0514814
705;1091.0;[2725.0];2022-07-12;167.0;15.761;1;0.0;29.17677
706;1091.0;[2658.0];2022-07-07;1653.46;15.761;3;-4.0;81.66367260000001
707;1091.0;[2495.0, 2380.0];2022-07-05;608.25;15.761;1;-0.5;44.7573075
708;1091.0;[2322.0];2022-06-30;1451.0;15.761;3;-4.0;74.51481000000001
709;1091.0;[2163.0];2022-06-23;1190.77;15.761;3;-4.0;65.3260887
710;1091.0;[1931.0, 1860.0];2022-06-21;2428.58;15.761;1;-0.5;109.0331598
711;1091.0;[1563.0, 1525.0];2022-06-09;2468.0;15.761;3;-0.5;110.42508000000001
712;1091.0;[1368.0];2022-06-07;560.0;15.761;1;0.0;43.0536
713;1091.0;[1331.0];2022-06-02;4160.0;15.761;3;-1.0;170.1696
714;1091.0;[1243.0, 1157.0];2022-05-31;1596.78;15.761;1;-0.5;79.6623018
715;1091.0;[1102.0];2022-05-26;1686.81;15.761;3;-4.0;82.8412611
716;1091.0;[859.0];2022-05-19;183.0;15.761;3;-1.0;29.74173
717;1091.0;[578.0];2022-05-12;2475.75;15.761;3;-1.0;110.69873250000002
718;1091.0;[433.0];2022-05-10;1730.0;15.761;1;-1.0;84.3663
719;1091.0;[339.0, 250.0, 222.0];2022-05-05;1610.75;15.761;3;-1.6666666666666667;80.15558250000001
720;1091.0;[100.0];2022-05-03;192.0;15.761;1;0.0;30.059520000000003
721;1102.0;[6997.0];2022-10-26;3026.0;84.485;2;0.0;130.12806
722;1102.0;[6364.0, 6245.0, 6216.0];2022-10-05;15266.66;84.485;2;-3.0;562.3457645999999
723;1102.0;[6095.0, 5970.0];2022-09-28;12932.0;84.485;2;-3.5;479.9089200000001
724;1102.0;[5823.0, 5767.0, 5628.0];2022-09-21;8304.0;84.485;2;-4.0;316.49424
725;1102.0;[5439.0, 5381.0, 5350.0];2022-09-14;4232.76;84.485;2;-2.6666666666666665;172.73875560000002
726;1102.0;[5099.0, 5043.0];2022-09-07;3524.8500000000004;84.485;2;-1.5;147.7424535
727;1102.0;[4936.0, 4758.0, 4702.0];2022-08-31;3249.1;95.726;2;-2.3333333333333335;138.005721
728;1102.0;[4162.0];2022-08-10;3692.85;84.485;2;-6.0;153.6745335
729;1102.0;[3491.0];2022-07-27;3060.0;84.485;2;-1.0;131.3286
730;1102.0;[3348.0, 3159.0];2022-07-20;20405.21;84.485;2;-3.5;743.7879651
731;1102.0;[3024.0, 2833.0];2022-07-13;9594.599999999999;84.485;2;-3.5;362.0653259999999
732;1102.0;[2716.0];2022-07-06;9830.0;84.485;2;-6.0;370.3773
733;1102.0;[2417.0, 2304.0];2022-06-29;7038.71;84.485;2;-3.5;271.8168501
734;1102.0;[1520.0];2022-06-08;2944.8;84.485;2;-1.0;127.26088800000001
735;1102.0;[1322.0];2022-06-01;162.87;84.485;2;-2.0;29.0309397
736;1102.0;[1010.0];2022-05-25;470.0;84.485;2;0.0;39.8757
737;1102.0;[981.0, 824.0];2022-05-18;11807.3;84.485;2;-3.5;440.19576299999994
738;1102.0;[397.0, 293.0, 228.0];2022-05-04;11943.010000000002;84.485;2;-3.0;444.9876831
739;1102.0;[111.0];2022-04-27;5656.62;84.485;2;-6.0;223.01525220000002
740;1115.0;[7123.0];2022-10-28;1283.12;93.506;4;0.0;68.5869672
741;1115.0;[6893.0];2022-10-24;2183.0;93.506;0;0.0;100.36173000000001
742;1115.0;[6856.0];2022-10-21;1258.59;93.506;4;0.0;67.7208129
743;1115.0;[6763.0];2022-10-19;3451.36;93.506;2;0.0;145.1475216
744;1115.0;[6597.0];2022-10-17;238.0;93.506;0;0.0;31.683780000000002
745;1115.0;[6584.0];2022-10-14;3661.0;93.506;4;0.0;152.54991
746;1115.0;[6537.0];2022-10-12;2160.0;93.506;2;-1.0;99.54960000000001
747;1115.0;[6358.0, 6285.0];2022-10-10;4841.38;93.506;0;-0.5;194.22912780000001
748;1115.0;[5986.0, 5987.0];2022-09-30;1575.64;93.506;4;0.0;78.91584840000002
749;1115.0;[5858.0];2022-09-28;357.0;93.506;2;0.0;35.885670000000005
750;1115.0;[5798.0, 5754.0];2022-09-26;854.68;93.506;0;-0.5;53.458750800000004
751;1115.0;[5664.0];2022-09-23;2638.4;93.506;4;0.0;116.44190400000001
752;1115.0;[5584.0, 5615.0];2022-09-21;1879.5900000000001;93.506;2;0.0;89.64832290000001
753;1115.0;[5465.0];2022-09-19;1044.05;93.506;0;0.0;60.1454055
754;1115.0;[5388.0];2022-09-16;906.98;93.506;4;0.0;55.305463800000005
755;1115.0;[5274.0];2022-09-14;1638.36;93.506;2;0.0;81.1304916
756;1115.0;[5111.0];2022-09-09;2304.98;93.506;4;0.0;104.6688438
757;1115.0;[4998.0, 4948.0];2022-09-07;5867.86;93.506;2;-0.5;230.4741366
758;1115.0;[4889.0];2022-09-05;625.99;93.506;0;-1.0;45.38370690000001
759;1115.0;[4786.0];2022-09-02;1104.65;93.506;4;0.0;62.28519150000001
760;1115.0;[4697.0];2022-08-31;2257.42;93.506;2;0.0;102.98950020000001
761;1115.0;[4566.0];2022-08-29;612.0;93.506;0;0.0;44.889720000000004
762;1115.0;[4561.0];2022-08-26;1665.54;93.506;4;0.0;82.0902174
763;1115.0;[4320.0];2022-08-22;658.61;93.506;0;0.0;46.5355191
764;1115.0;[4219.0];2022-08-17;96.82;93.506;2;0.0;26.6987142
765;1115.0;[4115.0];2022-08-12;1175.31;93.506;4;0.0;64.78019610000001
766;1115.0;[4023.0];2022-08-10;486.12;93.506;2;0.0;40.4448972
767;1115.0;[3927.0];2022-08-08;941.08;93.506;0;0.0;56.509534800000004
768;1115.0;[3839.0];2022-08-05;4532.66;93.506;4;0.0;183.32822460000003
769;1115.0;[3684.0];2022-08-03;2474.0;93.506;2;0.0;110.63694000000001
770;1115.0;[3601.0];2022-08-01;47.0;93.506;0;0.0;24.93957
771;1115.0;[3458.0];2022-07-27;1018.13;93.506;2;0.0;59.230170300000005
772;1115.0;[3226.0, 3227.0];2022-07-22;2500.32;93.506;4;0.0;111.5662992
773;1115.0;[3116.0];2022-07-20;494.0;93.506;2;0.0;40.72314
774;1115.0;[2940.0];2022-07-18;2182.96;93.506;0;0.0;100.36031760000002
775;1115.0;[2632.0, 2633.0];2022-07-08;6520.84;93.506;4;0.0;253.53086040000002
776;1115.0;[2451.0];2022-07-06;1808.45;93.506;2;0.0;87.1363695
777;1115.0;[2366.0];2022-07-04;423.0;93.506;0;-1.0;38.21613
778;1115.0;[2111.0, 2112.0];2022-06-27;6356.1;93.506;0;0.0;247.71389100000005
779;1115.0;[2096.0];2022-06-24;1534.7;93.506;4;0.0;77.470257
780;1115.0;[1800.0];2022-06-20;7952.26;93.506;0;0.0;304.0743006
781;1115.0;[1662.0];2022-06-13;2355.18;93.506;0;0.0;106.4414058
782;1115.0;[1422.0];2022-06-06;1124.06;93.506;0;-1.0;62.970558600000004
783;1115.0;[1186.0];2022-06-01;1464.5;93.506;2;0.0;74.991495
784;1115.0;[1087.0];2022-05-30;2648.55;93.506;0;0.0;116.80030050000002
785;1115.0;[997.0, 998.0];2022-05-25;4341.0;93.506;2;0.0;176.56071000000003
786;1115.0;[851.0];2022-05-20;8815.49;93.506;4;0.0;334.5549519
787;1115.0;[757.0];2022-05-18;1396.23;93.506;2;0.0;72.5808813
788;1115.0;[620.0];2022-05-16;614.53;93.506;0;0.0;44.9790543
789;1115.0;[554.0];2022-05-13;1088.81;93.506;4;0.0;61.7258811
790;1115.0;[517.0];2022-05-11;6048.0;93.506;2;-1.0;236.83488
791;1115.0;[363.0, 311.0, 312.0];2022-05-09;8939.94;93.506;0;-0.3333333333333333;338.9492814
792;1115.0;[283.0];2022-05-06;539.48;93.506;4;0.0;42.329038800000006
793;1115.0;[132.0];2022-05-04;1469.0;93.506;2;0.0;75.15039000000002
794;1122.0;[6990.0];2022-10-20;478.0;80.267;3;-6.0;40.15818
795;1122.0;[6765.0];2022-10-13;137.0;80.267;3;-6.0;28.11747
796;1122.0;[6443.0, 6191.0];2022-10-06;232.0;80.267;3;-3.0;31.47192
797;1122.0;[6147.0, 5990.0];2022-09-29;484.0;80.267;3;-3.5;40.37004
798;1122.0;[5540.0];2022-09-15;337.0;80.267;3;-6.0;35.17947
799;1122.0;[5267.0];2022-09-08;463.5;80.267;3;-6.0;39.646185
800;1122.0;[4967.0, 4763.0];2022-09-01;36.83;80.267;3;-3.0;24.580467300000002
801;1122.0;[4465.0];2022-08-18;22.0;13.005;3;-6.0;24.056820000000002
802;1122.0;[4224.0, 4145.0];2022-08-11;234.0;80.267;3;-3.5;31.542540000000002
803;1122.0;[4021.0];2022-08-04;416.0;80.267;3;-6.0;37.96896
804;1122.0;[3680.0, 3679.0];2022-07-28;597.5;80.267;3;-5.5;44.377725
805;1122.0;[3443.0];2022-07-21;647.5;80.267;3;-6.0;46.143225
806;1122.0;[3121.0];2022-07-14;26.0;80.267;3;-6.0;24.19806
807;1122.0;[2812.0];2022-07-07;958.0;80.267;3;-6.0;57.10698000000001
808;1122.0;[2449.0, 2291.0];2022-06-30;1204.0;80.267;3;-3.0;65.79324
809;1122.0;[1951.0];2022-06-16;36.0;80.267;3;-6.0;24.551160000000003
810;1122.0;[1768.0, 1649.0];2022-06-09;719.0;80.267;3;-5.0;48.66789
811;1122.0;[1457.0];2022-06-02;70.5;80.267;3;-6.0;25.769355
812;1122.0;[1231.0];2022-05-26;10.0;80.267;3;-6.0;23.633100000000002
813;1122.0;[827.0];2022-05-19;259.0;80.267;3;0.0;32.425290000000004
814;1122.0;[710.0];2022-05-12;836.5;80.267;3;-6.0;52.816815000000005
815;1122.0;[469.0, 307.0];2022-05-05;1462.0;80.267;3;-5.0;74.90322
816;1122.0;[141.0];2022-04-28;230.5;80.267;3;-6.0;31.418955000000004
817;1123.0;[7110.0];2022-10-27;2341.25;46.494;3;-1.0;105.9495375
818;1123.0;[6559.0];2022-10-13;250.0;46.494;3;-1.0;32.1075
819;1123.0;[6231.0];2022-10-06;7927.08;46.494;3;-1.0;303.1851948
820;1123.0;[5843.0, 5704.0];2022-09-26;2077.0;46.494;0;-1.0;96.61887000000002
821;1123.0;[5296.0];2022-09-15;99.0;46.494;3;0.0;26.77569
822;1123.0;[5269.0];2022-09-12;1338.34;46.494;0;-2.0;70.5367854
823;1123.0;[5083.0];2022-09-08;372.0;46.494;3;-1.0;36.41532
824;1123.0;[4966.0];2022-09-05;1438.2;46.494;0;-2.0;74.062842
825;1123.0;[4785.0];2022-09-01;2833.0;46.494;3;-1.0;123.31323000000002
826;1123.0;[4669.0, 4573.0];2022-08-29;2442.0;46.494;0;-1.0;109.50702000000001
827;1123.0;[4316.0];2022-08-22;1298.8;46.494;0;0.0;69.140628
828;1123.0;[4223.0];2022-08-15;30.5;46.494;0;-2.0;24.356955000000003
829;1123.0;[4098.0];2022-08-11;3975.33;46.494;3;-1.0;163.6489023
830;1123.0;[3885.0];2022-08-08;759.5;46.494;0;0.0;50.097945
831;1123.0;[3870.0];2022-08-04;2928.5;46.494;3;-1.0;126.68533500000001
832;1123.0;[3748.0];2022-08-01;1652.74;46.494;0;-2.0;81.6382494
833;1123.0;[3520.0];2022-07-28;4162.5;46.494;3;-1.0;170.257875
834;1123.0;[3442.0, 3277.0];2022-07-25;242.48;46.494;0;-1.0;31.841968800000004
835;1123.0;[3210.0];2022-07-21;1680.5;46.494;3;-1.0;82.61845500000001
836;1123.0;[3100.0];2022-07-18;1764.43;46.494;0;-2.0;85.5820233
837;1123.0;[2893.0];2022-07-14;1920.27;46.494;3;-1.0;91.0847337
838;1123.0;[2743.0, 2644.0];2022-07-11;6954.25;46.494;0;-0.5;268.83456750000005
839;1123.0;[2437.0, 2341.0];2022-07-04;2176.02;46.494;0;-1.0;100.1152662
840;1123.0;[2290.0];2022-06-30;143.82;46.494;3;0.0;28.3582842
841;1123.0;[2120.0];2022-06-27;1140.53;46.494;0;0.0;63.5521143
842;1123.0;[2065.0];2022-06-23;302.27;46.494;3;-1.0;33.9531537
843;1123.0;[1950.0, 1791.0];2022-06-20;1020.4;46.494;0;-1.0;59.310324
844;1123.0;[1745.0];2022-06-13;800.69;46.494;0;-2.0;51.5523639
845;1123.0;[1432.0];2022-06-06;3935.07;46.494;0;-2.0;162.2273217
846;1123.0;[1081.0];2022-05-30;660.93;46.494;0;0.0;46.6174383
847;1123.0;[994.0, 924.0];2022-05-23;1964.27;46.494;0;-1.0;92.63837370000002
848;1123.0;[535.0];2022-05-12;4077.49;46.494;3;-1.0;167.25617190000003
849;1123.0;[436.0];2022-05-09;4042.0;46.494;0;-2.0;166.00302000000002
850;1123.0;[143.0];2022-05-02;301.23;46.494;0;-2.0;33.9164313
851;1126.0;[7093.0, 7094.0];2022-10-27;4248.5;40.359;3;0.0;173.294535
852;1126.0;[6871.0];2022-10-20;299.57;40.359;3;-1.0;33.8578167
853;1126.0;[6475.0, 6194.0];2022-10-06;3122.5;40.359;3;-3.0;133.53547500000002
854;1126.0;[5974.0];2022-09-29;2530.0;40.359;3;0.0;112.6143
855;1126.0;[5881.0];2022-09-22;9197.06;47.261;3;-6.0;348.0281886
856;1126.0;[5576.0, 5318.0];2022-09-15;3508.0;40.359;3;-3.0;147.14748000000003
857;1126.0;[5013.0];2022-09-08;2595.0;40.359;3;0.0;114.90945
858;1126.0;[4902.0, 4878.0];2022-09-01;2149.0;40.359;3;-4.5;99.16119
859;1126.0;[4468.0];2022-08-18;4092.0;40.359;3;-6.0;167.76852000000002
860;1126.0;[4141.0, 4077.0];2022-08-11;2247.0;40.359;3;-0.5;102.62157
861;1126.0;[4033.0, 3812.0];2022-08-04;4846.5;40.359;3;-3.5;194.409915
862;1126.0;[3423.0, 3195.0];2022-07-21;4164.5;40.359;3;-3.0;170.328495
863;1126.0;[2679.0, 2516.0];2022-07-07;4483.0;40.359;3;-2.0;181.57473000000002
864;1126.0;[2154.0, 2077.0];2022-06-23;3687.8;40.359;3;-2.5;153.496218
865;1126.0;[1849.0];2022-06-16;3219.0;40.359;3;-4.0;136.94289000000003
866;1126.0;[879.0, 785.0];2022-05-19;2240.0;40.359;3;-0.5;102.37440000000001
867;1126.0;[607.0];2022-05-12;1512.0;40.359;3;-4.0;76.66872000000001
868;1126.0;[260.0];2022-05-05;2106.0;40.359;3;-1.0;97.64286
869;1126.0;[150.0];2022-04-28;3000.0;40.359;3;-6.0;129.21
870;1133.0;[7024.0];2022-10-24;2106.0;22.968000000000004;0;-2.0;97.64286
871;1133.0;[6799.0, 6759.0];2022-10-17;5942.34;22.968000000000004;0;-2.5;233.1040254
872;1133.0;[6448.0];2022-10-10;1603.38;22.968000000000004;0;-2.0;79.89534780000001
873;1133.0;[6136.0];2022-10-03;1114.64;22.968000000000004;0;-2.0;62.63793840000001
874;1133.0;[5936.0, 5895.0];2022-09-26;1206.1499999999999;22.968000000000004;0;-2.5;65.8691565
875;1133.0;[5538.0];2022-09-19;2224.16;22.968000000000004;0;-2.0;101.81508960000001
876;1133.0;[5243.0];2022-09-12;204.94;22.968000000000004;0;-2.0;30.516431400000002
877;1133.0;[5070.0];2022-09-05;3763.53;22.968000000000004;0;-3.0;156.1702443
878;1133.0;[4679.0];2022-08-29;2863.11;22.968000000000004;0;-2.0;124.3764141
879;1133.0;[4464.0];2022-08-22;4434.62;22.968000000000004;0;-2.0;179.86643220000002
880;1133.0;[4235.0];2022-08-15;2938.53;22.968000000000004;0;-2.0;127.03949430000002
881;1133.0;[3988.0];2022-08-08;1761.8;22.968000000000004;0;-2.0;85.489158
882;1133.0;[3828.0, 3746.0];2022-08-01;384.12;22.968000000000004;0;-3.0;36.8432772
883;1133.0;[3411.0, 3295.0];2022-07-25;3168.75;22.968000000000004;0;-1.0;135.1685625
884;1133.0;[3180.0, 3074.0];2022-07-18;14205.18;22.968000000000004;0;-2.5;524.8649058000001
885;1133.0;[2806.0];2022-07-11;5693.25;22.968000000000004;0;-2.0;224.3086575
886;1133.0;[2492.0];2022-07-04;8248.44;22.968000000000004;0;-2.0;314.5324164000001
887;1133.0;[2055.0, 1916.0];2022-06-20;9898.53;22.968000000000004;0;-2.5;372.7970943
888;1133.0;[1725.0];2022-06-13;1941.32;22.968000000000004;0;-2.0;91.8280092
889;1133.0;[1476.0];2022-06-06;1457.88;22.968000000000004;0;-2.0;74.75774280000002
890;1133.0;[1239.0];2022-05-30;1919.06;22.968000000000004;0;-2.0;91.0420086
891;1133.0;[1017.0];2022-05-23;5928.67;22.968000000000004;0;-2.0;232.6213377
892;1133.0;[735.0];2022-05-16;1317.0;22.968000000000004;0;-2.0;69.78327
893;1133.0;[429.0];2022-05-09;189.45;22.968000000000004;0;-2.0;29.969479500000002
894;1133.0;[169.0];2022-05-02;1352.63;22.968000000000004;0;-2.0;71.04136530000001
895;1151.0;[6964.0];2022-10-24;888.5;32.760999999999996;0;-1.0;54.652935
896;1151.0;[6656.0];2022-10-17;2724.05;32.760999999999996;0;-1.0;119.46620550000002
897;1151.0;[6528.0, 6468.0, 6360.0, 6344.0];2022-10-10;5319.59;32.760999999999996;0;-1.5;211.11472290000003
898;1151.0;[6046.0];2022-10-03;1569.7;32.760999999999996;0;-1.0;78.706107
899;1151.0;[5633.0, 5493.0];2022-09-19;3709.5600000000004;32.760999999999996;0;-2.0;154.26456360000003
900;1151.0;[5323.0];2022-09-12;3120.0;32.760999999999996;0;-3.0;133.4472
901;1151.0;[4901.0];2022-09-05;1996.0;32.760999999999996;0;-1.0;93.75876000000001
902;1151.0;[4771.0];2022-08-29;2277.0;32.760999999999996;0;-3.0;103.68087000000001
903;1151.0;[4409.0];2022-08-22;224.0;32.760999999999996;0;-1.0;31.18944
904;1151.0;[4062.0, 3954.0];2022-08-08;678.8299999999999;32.760999999999996;0;-2.0;47.2494873
905;1151.0;[3790.0];2022-08-01;44.0;32.760999999999996;0;-3.0;24.833640000000003
906;1151.0;[3381.0];2022-07-25;26.5;32.760999999999996;0;-1.0;24.215715000000003
907;1151.0;[3138.0, 3071.0];2022-07-18;5396.59;32.760999999999996;0;-1.5;213.8335929
908;1151.0;[2916.0, 2757.0];2022-07-11;5347.5;32.760999999999996;0;-2.5;212.100225
909;1151.0;[2559.0];2022-07-04;3119.56;32.760999999999996;0;-3.0;133.4316636
910;1151.0;[2244.0];2022-06-27;610.5;32.760999999999996;0;-1.0;44.836755000000004
911;1151.0;[2044.0, 1866.0];2022-06-20;1982.0;32.760999999999996;0;-2.0;93.26442
912;1151.0;[1744.0, 1724.0];2022-06-13;2973.4500000000003;32.760999999999996;0;-1.5;128.27251950000002
913;1151.0;[1150.0];2022-05-30;202.5;32.760999999999996;0;-1.0;30.430275
914;1151.0;[787.0];2022-05-16;1041.0;32.760999999999996;0;-3.0;60.03771
915;1151.0;[403.0];2022-05-09;1603.49;32.760999999999996;0;-1.0;79.8992319
916;1151.0;[206.0];2022-05-02;232.5;32.760999999999996;0;-3.0;31.489575000000002
917;1176.0;[7049.0];2022-10-26;359.88;41.788000000000004;2;-1.0;35.9873628
918;1176.0;[6752.0];2022-10-19;106.0;41.681000000000004;2;0.0;27.02286
919;1176.0;[6669.0];2022-10-17;11077.16;41.788000000000004;0;-1.0;414.41451959999995
920;1176.0;[6374.0, 6327.0];2022-10-10;1814.7;41.681000000000004;0;-0.5;87.35705700000001
921;1176.0;[6248.0, 6249.0];2022-10-05;4606.02;41.788000000000004;2;-2.0;185.91856620000004
922;1176.0;[5919.0];2022-09-28;1410.0;41.788000000000004;2;-1.0;73.06710000000001
923;1176.0;[5804.0, 5763.0];2022-09-26;1605.42;41.681000000000004;0;-0.5;79.96738020000001
924;1176.0;[5645.0];2022-09-21;1124.0;41.788000000000004;2;-1.0;62.96844
925;1176.0;[5483.0, 5451.0];2022-09-19;1650.95;41.788000000000004;0;-0.5;81.5750445
926;1176.0;[5367.0, 5368.0, 5309.0, 5310.0, 5251.0];2022-09-14;9100.14;41.788000000000004;2;-1.2;344.6059434
927;1176.0;[5227.0, 5154.0];2022-09-12;2495.04;41.788000000000004;0;-0.5;111.3798624
928;1176.0;[4808.0];2022-08-31;1010.96;41.788000000000004;2;-2.0;58.976997600000004
929;1176.0;[4310.0, 4311.0];2022-08-17;3517.2;41.788000000000004;2;-2.0;147.472332
930;1176.0;[4176.0];2022-08-15;803.44;41.788000000000004;0;-1.0;51.64946640000001
931;1176.0;[3996.0, 3997.0];2022-08-10;2188.27;41.788000000000004;2;0.0;100.5478137
932;1176.0;[3800.0];2022-08-03;3406.18;41.788000000000004;2;-1.0;143.5522158
933;1176.0;[3664.0, 3665.0, 3618.0];2022-08-01;6195.0;41.681000000000004;0;-0.6666666666666666;242.02545
934;1176.0;[3240.0];2022-07-20;2098.5;41.681000000000004;2;-2.0;97.37803500000001
935;1176.0;[3014.0];2022-07-18;37.5;41.681000000000004;0;0.0;24.604125
936;1176.0;[2903.0, 2839.0];2022-07-13;5370.4;41.788000000000004;2;-1.5;212.90882399999998
937;1176.0;[2621.0, 2536.0];2022-07-06;2380.71;41.681000000000004;2;-1.5;107.3428701
938;1176.0;[2266.0, 2267.0];2022-06-29;6355.9;41.788000000000004;2;-1.0;247.706829
939;1176.0;[2193.0, 2194.0];2022-06-27;7667.01;41.681000000000004;0;-1.0;294.00212310000006
940;1176.0;[1698.0];2022-06-13;2304.0;41.681000000000004;0;-1.0;104.63424
941;1176.0;[1602.0, 1550.0];2022-06-08;1606.67;41.788000000000004;2;-1.5;80.01151770000001
942;1176.0;[1318.0, 1226.0];2022-06-01;1406.08;41.681000000000004;2;-1.0;72.92868480000001
943;1176.0;[1121.0];2022-05-30;4090.81;41.788000000000004;0;-1.0;167.7265011
944;1176.0;[1029.0];2022-05-25;2227.5;41.681000000000004;2;0.0;101.93302500000001
945;1176.0;[918.0];2022-05-23;484.05;41.788000000000004;0;0.0;40.37180550000001
946;1176.0;[798.0];2022-05-18;519.75;41.788000000000004;2;-1.0;41.6323725
947;1176.0;[660.0, 661.0];2022-05-16;5191.64;41.788000000000004;0;-1.0;206.59680840000001
948;1176.0;[451.0];2022-05-11;1500.0;41.681000000000004;2;0.0;76.245
949;1176.0;[264.0, 265.0];2022-05-04;7260.47;41.788000000000004;2;-2.0;279.6471957
950;1177.0;[7096.0, 6960.0];2022-10-24;975.0;32.383;0;-2.5;57.70725
951;1177.0;[6637.0];2022-10-17;14.0;32.383;0;0.0;23.774340000000002
952;1177.0;[6570.0];2022-10-10;362.07;32.383;0;-4.0;36.064691700000004
953;1177.0;[6253.0, 6145.0];2022-10-03;1453.56;32.383;0;-3.0;74.60520360000001
954;1177.0;[6027.0];2022-09-26;2088.0;32.383;0;-4.0;97.00728
955;1177.0;[5307.0];2022-09-12;275.57;32.383;0;-3.0;33.0103767
956;1177.0;[4908.0];2022-09-05;1158.0;32.383;0;-1.0;64.16898
957;1177.0;[4806.0];2022-08-29;1128.94;32.383;0;-4.0;63.142871400000004
958;1177.0;[4443.0];2022-08-22;62.8;32.383;0;-2.0;25.497468
959;1177.0;[4273.0, 4173.0];2022-08-15;453.3;32.383;0;-2.0;39.286023
960;1177.0;[3947.0];2022-08-08;177.0;32.383;0;-1.0;29.529870000000003
961;1177.0;[3642.0];2022-08-01;523.0;32.383;0;-1.0;41.74713
962;1177.0;[3425.0, 3390.0, 3269.0];2022-07-25;2487.75;32.383;0;-1.0;111.1224525
963;1177.0;[3238.0, 3005.0];2022-07-18;2194.38;32.383;0;-2.0;100.76355780000002
964;1177.0;[2907.0];2022-07-11;35.0;32.383;0;-4.0;24.51585
965;1177.0;[2470.0];2022-07-04;202.5;32.383;0;-2.0;30.430275
966;1177.0;[2184.0];2022-06-27;325.04;32.383;0;0.0;34.7571624
967;1177.0;[1932.0];2022-06-20;231.72;32.383;0;-2.0;31.4620332
968;1177.0;[1313.0];2022-05-30;260.57;32.383;0;-4.0;32.480726700000005
969;1177.0;[546.0, 391.0];2022-05-09;1377.0;32.383;0;-2.5;71.90187
970;1177.0;[269.0];2022-05-02;205.0;32.383;0;-4.0;30.51855
971;1179.0;[6844.0];2022-10-19;1467.0;127.93;2;-2.0;75.07977
972;1179.0;[6696.0];2022-10-17;106.0;127.93;0;-1.0;27.02286
973;1179.0;[6304.0];2022-10-10;404.0;127.93;0;0.0;37.54524000000001
974;1179.0;[5759.0];2022-09-26;2894.51;127.93;0;0.0;125.48514810000002
975;1179.0;[5511.0];2022-09-19;330.0;127.93;0;-1.0;34.9323
976;1179.0;[5203.0];2022-09-12;1389.86;127.93;0;0.0;72.3559566
977;1179.0;[5002.0];2022-09-07;1540.0;127.93;2;-1.0;77.6574
978;1179.0;[4892.0];2022-09-05;167.0;127.93;0;-1.0;29.17677
979;1179.0;[4790.0];2022-08-31;1078.2;127.93;2;-2.0;61.351242000000006
980;1179.0;[4645.0, 4600.0];2022-08-29;2139.84;127.93;0;-0.5;98.8377504
981;1179.0;[4341.0];2022-08-22;9748.97;127.93;0;0.0;367.51613069999996
982;1179.0;[4092.0, 4019.0];2022-08-10;12455.150000000001;127.93;2;-1.0;463.0713465000001
983;1179.0;[3730.0];2022-08-03;1171.2;127.93;2;0.0;64.63507200000001
984;1179.0;[3648.0, 3596.0];2022-08-01;2073.06;127.93;0;-0.5;96.47974860000001
985;1179.0;[3324.0];2022-07-25;2900.0;127.93;0;0.0;125.679
986;1179.0;[3093.0];2022-07-20;276.08;127.93;2;0.0;33.0283848
987;1179.0;[3050.0, 2993.0];2022-07-18;465.5;127.93;0;-0.5;39.716805
988;1179.0;[2879.0];2022-07-13;2700.0;127.93;2;-1.0;118.617
989;1179.0;[2646.0];2022-07-11;4133.92;127.93;0;0.0;169.24871520000002
990;1179.0;[2591.0, 2487.0];2022-07-06;3504.5600000000004;127.93;2;-1.0;147.02601360000003
991;1179.0;[2356.0];2022-07-04;153.0;127.93;0;0.0;28.682430000000004
992;1179.0;[2236.0];2022-06-27;83.0;127.93;0;-1.0;26.21073
993;1179.0;[1996.0, 1977.0];2022-06-22;1084.02;127.93;2;-0.5;61.5567462
994;1179.0;[1875.0, 1888.0, 1813.0];2022-06-20;12131.38;127.93;0;-0.6666666666666666;451.6390278
995;1179.0;[1658.0];2022-06-13;1374.4;127.93;0;0.0;71.81006400000001
996;1179.0;[1559.0, 1505.0];2022-06-08;3296.6;127.93;2;-1.5;139.68294600000002
997;1179.0;[1297.0, 1190.0];2022-06-01;888.25;127.93;2;-0.5;54.644107500000004
998;1179.0;[1137.0, 1107.0];2022-05-30;2318.5;127.93;0;-0.5;105.146235
999;1179.0;[1046.0];2022-05-25;554.8;127.93;2;0.0;42.869988000000006
1000;1179.0;[965.0];2022-05-23;245.69;127.93;0;-1.0;31.9553139
1001;1179.0;[791.0, 761.0];2022-05-18;1992.0;127.93;2;-0.5;93.61752
1002;1179.0;[687.0, 579.0];2022-05-16;5618.6900000000005;127.93;0;-0.5;221.67594390000005
1003;1179.0;[480.0];2022-05-11;195.0;127.93;2;-1.0;30.16545
1004;1179.0;[322.0];2022-05-09;5.5;127.93;0;0.0;23.474205
1005;1179.0;[272.0];2022-05-04;100.5;127.93;2;-2.0;26.828655
1006;1186.0;[7128.0];2022-10-24;211.5;54.65;0;-4.0;30.748065
1007;1186.0;[6553.0, 6529.0];2022-10-10;408.39;54.65;0;-3.5;37.7002509
1008;1186.0;[6241.0];2022-10-03;105.0;54.65;0;-4.0;26.987550000000002
1009;1186.0;[5995.0, 5972.0, 5747.0];2022-09-26;364.49;54.65;0;-2.3333333333333335;36.1501419
1010;1186.0;[5514.0];2022-09-19;134.96;54.65;0;-1.0;28.0454376
1011;1186.0;[5374.0, 5163.0];2022-09-12;315.73;54.65;0;-2.0;34.4284263
1012;1186.0;[5101.0, 4934.0, 4859.0];2022-09-05;299.3;54.65;0;-1.6666666666666667;33.848283
1013;1186.0;[4624.0];2022-08-29;684.5;54.65;0;-1.0;47.449695000000006
1014;1186.0;[4552.0];2022-08-22;285.09;54.65;0;-4.0;33.3465279
1015;1186.0;[4298.0];2022-08-15;84.48;54.65;0;-4.0;26.262988800000002
1016;1186.0;[4121.0];2022-08-08;408.25;54.65;0;-4.0;37.6953075
1017;1186.0;[3821.0];2022-08-01;138.29;54.65;0;-4.0;28.163019900000002
1018;1186.0;[3546.0];2022-07-25;1558.8;54.65;0;-4.0;78.321228
1019;1186.0;[2971.0];2022-07-18;52.75;54.65;0;0.0;25.142602500000002
1020;1186.0;[2918.0];2022-07-11;1940.15;54.65;0;-4.0;91.7866965
1021;1186.0;[2602.0];2022-07-04;919.4;54.65;0;-4.0;55.74401400000001
1022;1186.0;[2093.0];2022-06-20;695.17;54.65;0;-4.0;47.826452700000004
1023;1186.0;[1757.0];2022-06-13;166.0;54.65;0;-2.0;29.141460000000002
1024;1186.0;[1570.0];2022-06-06;1394.58;54.65;0;-4.0;72.5226198
1025;1186.0;[1323.0];2022-05-30;293.78;54.65;0;-4.0;33.6533718
1026;1186.0;[985.0];2022-05-23;142.03;54.65;0;-1.0;28.2950793
1027;1186.0;[855.0];2022-05-16;3234.18;54.65;0;-4.0;137.4788958
1028;1186.0;[286.0];2022-05-02;1525.31;54.65;0;-4.0;77.1386961
1029;1187.0;[6999.0];2022-10-26;2828.0;66.262;2;0.0;123.13668000000001
1030;1187.0;[6950.0];2022-10-24;2287.43;66.262;0;-1.0;104.0491533
1031;1187.0;[6851.0];2022-10-19;2290.0;66.262;2;-2.0;104.13990000000001
1032;1187.0;[6623.0];2022-10-17;1188.0;66.262;0;0.0;65.22828000000001
1033;1187.0;[6554.0, 6532.0];2022-10-12;3586.6800000000003;66.262;2;-1.5;149.92567080000003
1034;1187.0;[6244.0];2022-10-05;970.0;66.262;2;-2.0;57.5307
1035;1187.0;[6096.0];2022-10-03;1061.5;66.262;0;-1.0;60.761565000000004
1036;1187.0;[5998.0];2022-09-28;1188.0;66.262;2;-2.0;65.22828000000001
1037;1187.0;[5677.0];2022-09-21;442.0;66.262;2;-2.0;38.88702
1038;1187.0;[5517.0, 5437.0];2022-09-19;3411.88;66.262;0;-0.5;143.75348280000003
1039;1187.0;[5379.0, 5348.0];2022-09-14;2754.53;66.262;2;-1.5;120.54245430000002
1040;1187.0;[5199.0, 5165.0];2022-09-12;9633.04;66.262;0;-0.5;363.4226424000001
1041;1187.0;[5046.0, 4996.0];2022-09-07;9541.26;66.262;2;-0.5;360.1818906000001
1042;1187.0;[4935.0];2022-09-05;1068.0;66.262;0;-1.0;60.991080000000004
1043;1187.0;[4553.0];2022-08-24;1639.0;66.262;2;-2.0;81.15309
1044;1187.0;[4387.0];2022-08-22;298.0;66.262;0;-1.0;33.80238
1045;1187.0;[4299.0];2022-08-17;298.0;66.262;2;-2.0;33.80238
1046;1187.0;[4160.0];2022-08-15;2640.0;66.262;0;-1.0;116.4984
1047;1187.0;[3722.0];2022-08-03;673.77;66.262;2;0.0;47.070818700000004
1048;1187.0;[3569.0];2022-08-01;1644.38;66.262;0;0.0;81.34305780000001
1049;1187.0;[3405.0];2022-07-27;130.0;66.262;2;0.0;27.8703
1050;1187.0;[3342.0, 3274.0];2022-07-25;2750.7;66.262;0;-0.5;120.407217
1051;1187.0;[3157.0];2022-07-20;140.0;66.262;2;-1.0;28.2234
1052;1187.0;[3021.0, 2968.0];2022-07-18;352.62;66.262;0;-0.5;35.7310122
1053;1187.0;[2689.0];2022-07-11;4361.12;66.262;0;0.0;177.2711472
1054;1187.0;[2561.0];2022-07-06;105.0;66.262;2;-1.0;26.987550000000002
1055;1187.0;[2420.0, 2332.0];2022-07-04;4506.58;66.262;0;-0.5;182.40733980000002
1056;1187.0;[2208.0];2022-06-27;3750.0;66.262;0;-1.0;155.6925
1057;1187.0;[2092.0, 2022.0, 1968.0];2022-06-22;8418.08;66.262;2;-1.0;320.5224048
1058;1187.0;[1903.0, 1839.0];2022-06-20;7199.5;66.262;0;-0.5;277.49434500000007
1059;1187.0;[1694.0];2022-06-13;1193.32;66.262;0;-1.0;65.4161292
1060;1187.0;[1571.0, 1523.0];2022-06-08;1609.61;66.262;2;-1.5;80.1153291
1061;1187.0;[1390.0];2022-06-06;2679.22;66.262;0;-1.0;117.8832582
1062;1187.0;[1196.0];2022-06-01;1255.0;66.262;2;0.0;67.59405000000001
1063;1187.0;[1172.0, 1093.0];2022-05-30;830.0;66.262;0;-0.5;52.5873
1064;1187.0;[984.0];2022-05-23;1604.0;66.262;0;-1.0;79.91724
1065;1187.0;[695.0];2022-05-16;2131.92;66.262;0;-1.0;98.55809520000001
1066;1187.0;[570.0];2022-05-11;3264.02;66.262;2;-2.0;138.5325462
1067;1187.0;[400.0];2022-05-09;1292.0;66.262;0;-1.0;68.90052
1068;1187.0;[289.0];2022-05-04;4183.0;66.262;2;-2.0;170.98173
1069;1204.0;[7056.0];2022-10-27;2666.0;165.868;3;0.0;117.41646
1070;1204.0;[6943.0];2022-10-25;2451.0;165.868;1;0.0;109.82481000000001
1071;1204.0;[6818.0];2022-10-20;3008.0;165.868;3;0.0;129.49248
1072;1204.0;[6663.0];2022-10-18;443.0;165.868;1;0.0;38.92233
1073;1204.0;[6541.0];2022-10-13;3415.0;165.868;3;0.0;143.86365
1074;1204.0;[6341.0, 6347.0];2022-10-11;2524.5;165.868;1;0.0;112.420095
1075;1204.0;[6187.0];2022-10-06;1140.0;165.868;3;0.0;63.5334
1076;1204.0;[6082.0];2022-10-04;7118.5;165.868;1;0.0;274.634235
1077;1204.0;[5914.0];2022-09-29;3999.0;165.868;3;0.0;164.48469
1078;1204.0;[5775.0];2022-09-27;6887.9;165.868;1;0.0;266.491749
1079;1204.0;[5657.0, 5596.0];2022-09-22;10473.5;165.868;3;-0.5;393.099285
1080;1204.0;[5512.0];2022-09-20;11735.0;165.868;1;0.0;437.64285000000007
1081;1204.0;[5337.0];2022-09-15;4645.0;165.868;3;0.0;187.29495
1082;1204.0;[5183.0];2022-09-13;8254.0;165.868;1;0.0;314.72874
1083;1204.0;[5037.0];2022-09-08;1576.0;165.868;3;0.0;78.92856
1084;1204.0;[4884.0];2022-09-06;5927.5;165.868;1;0.0;232.58002500000003
1085;1204.0;[4736.0];2022-09-01;663.0;165.868;3;0.0;46.69053
1086;1204.0;[4647.0];2022-08-30;5375.0;165.868;1;0.0;213.07125
1087;1204.0;[4487.0];2022-08-25;4285.0;165.868;3;0.0;174.58335
1088;1204.0;[4366.0];2022-08-23;5461.0;165.868;1;0.0;216.10791
1089;1204.0;[4148.0];2022-08-16;6825.0;165.868;1;0.0;264.27075
1090;1204.0;[3971.0];2022-08-09;4810.0;165.868;1;0.0;193.1211
1091;1204.0;[3763.0, 3809.0];2022-08-04;8949.0;165.868;3;0.0;339.26919
1092;1204.0;[3640.0];2022-08-02;1993.5;165.868;1;0.0;93.670485
1093;1204.0;[3360.0];2022-07-26;658.0;165.868;1;0.0;46.513980000000004
1094;1204.0;[3145.0];2022-07-21;2703.0;165.868;3;0.0;118.72293
1095;1204.0;[3019.0, 3054.0];2022-07-19;5357.0;165.868;1;0.0;212.43567000000002
1096;1204.0;[2825.0];2022-07-14;2767.0;165.868;3;0.0;120.98277
1097;1204.0;[2708.0];2022-07-12;6384.0;165.868;1;0.0;248.69904
1098;1204.0;[2504.0];2022-07-07;2409.0;165.868;3;0.0;108.34179
1099;1204.0;[2423.0, 2363.0];2022-07-05;6328.5;165.868;1;-0.5;246.739335
1100;1204.0;[2248.0];2022-06-30;1224.0;165.868;3;0.0;66.49944
1101;1204.0;[2187.0];2022-06-28;4044.0;165.868;1;0.0;166.07364
1102;1204.0;[2002.0];2022-06-23;2132.0;165.868;3;0.0;98.56092
1103;1204.0;[1873.0];2022-06-21;2042.5;165.868;1;0.0;95.400675
1104;1204.0;[1672.0];2022-06-14;4372.0;165.868;1;0.0;177.65532000000002
1105;1204.0;[1513.0];2022-06-09;1355.0;165.868;3;0.0;71.12505
1106;1204.0;[1302.0];2022-06-02;4189.5;165.868;3;0.0;171.211245
1107;1204.0;[1113.0];2022-05-31;1888.0;165.868;1;0.0;89.94528
1108;1204.0;[883.0, 778.0];2022-05-19;7743.0;165.868;3;-2.0;296.68533
1109;1204.0;[690.0];2022-05-17;3183.0;165.868;1;0.0;135.67173000000003
1110;1204.0;[485.0];2022-05-12;2465.0;165.868;3;0.0;110.31915000000001
1111;1204.0;[326.0];2022-05-05;1991.0;165.868;3;-4.0;93.58221
1112;1208.0;[7045.0, 6971.0];2022-10-25;8315.2;16.593;1;-1.0;316.88971200000003
1113;1208.0;[6578.0, 6447.0, 6397.0];2022-10-11;6908.4;16.593;1;-1.3333333333333333;267.215604
1114;1208.0;[6274.0];2022-10-04;10094.41;16.593;1;-6.0;379.7136171000001
1115;1208.0;[5783.0];2022-09-27;2154.0;16.593;1;0.0;99.33774000000001
1116;1208.0;[5675.0, 5546.0, 5513.0];2022-09-20;8122.0;16.593;1;-1.3333333333333333;310.06782
1117;1208.0;[5395.0, 5333.0];2022-09-13;10420.6;16.593;1;-2.5;391.23138600000004
1118;1208.0;[5020.0];2022-09-06;791.38;16.593;1;-2.0;51.2236278
1119;1208.0;[4804.0];2022-08-30;5982.5;16.593;1;-3.0;234.522075
1120;1208.0;[4549.0];2022-08-23;2592.0;16.593;1;-3.0;114.80352
1121;1208.0;[4099.0, 4038.0, 3961.0];2022-08-09;18801.9;16.593;1;-1.3333333333333333;687.175089
1122;1208.0;[3813.0];2022-08-02;10935.94;16.593;1;-3.0;409.4280414000001
1123;1208.0;[3527.0, 3363.0];2022-07-26;1742.88;16.593;1;-1.5;84.8210928
1124;1208.0;[3216.0];2022-07-19;11093.0;16.593;1;-3.0;414.97383
1125;1208.0;[2917.0, 2770.0, 2754.0];2022-07-12;8922.25;16.593;1;-1.3333333333333333;338.32464749999997
1126;1208.0;[2704.0, 2589.0, 2427.0];2022-07-05;12251.0;16.593;1;-3.3333333333333335;455.8628100000001
1127;1208.0;[2282.0];2022-06-28;1800.0;16.593;1;-2.0;86.83800000000001
1128;1208.0;[2066.0, 2012.0, 1918.0];2022-06-21;14580.0;16.593;1;-2.0;538.0998000000001
1129;1208.0;[1750.0];2022-06-14;543.0;16.593;1;-1.0;42.45333
1130;1208.0;[1583.0, 1466.0];2022-06-07;9476.0;16.593;1;-2.0;357.87756
1131;1208.0;[384.0];2022-05-10;2304.0;16.593;1;0.0;104.63424
1132;1208.0;[333.0];2022-05-03;8389.5;16.593;1;-6.0;319.513245
1133;1213.0;[7068.0];2022-10-26;146.22;16.132;2;-1.0;28.4430282
1134;1213.0;[6828.0];2022-10-19;28.16;16.132;2;-1.0;24.2743296
1135;1213.0;[6632.0];2022-10-17;900.9;16.132;0;0.0;55.090779000000005
1136;1213.0;[6160.0, 6161.0, 6162.0, 6163.0, 6164.0];2022-10-05;1277.07;16.134;2;0.0;68.3733417
1137;1213.0;[6004.0, 5928.0, 5867.0];2022-09-28;5293.48;16.134;2;-1.0;210.1927788
1138;1213.0;[5778.0, 5721.0];2022-09-26;5336.29;16.134;0;-0.5;211.70439990000003
1139;1213.0;[5603.0];2022-09-21;1193.34;16.132;2;-1.0;65.4168354
1140;1213.0;[5315.0];2022-09-14;983.0;16.134;2;-1.0;57.98973
1141;1213.0;[4800.0, 4766.0, 4710.0];2022-08-31;3564.64;16.134;2;-1.0;149.1474384
1142;1213.0;[4653.0];2022-08-29;1226.5;16.134;0;-1.0;66.587715
1143;1213.0;[4545.0];2022-08-24;1683.22;16.132;2;-2.0;82.71449820000001
1144;1213.0;[4221.0];2022-08-17;2735.5;16.134;2;0.0;119.87050500000001
1145;1213.0;[3890.0];2022-08-08;5588.96;16.134;0;0.0;220.62617760000003
1146;1213.0;[3863.0, 3756.0];2022-08-03;1481.0;16.134;2;-1.0;75.57411
1147;1213.0;[3626.0];2022-08-01;295.0;16.134;0;0.0;33.69645
1148;1213.0;[2911.0];2022-07-13;922.0;16.134;2;-2.0;55.835820000000005
1149;1213.0;[2593.0, 2472.0];2022-07-06;4630.72;16.134;2;-1.0;186.7907232
1150;1213.0;[2408.0, 2409.0];2022-07-04;785.0;16.134;0;-1.0;50.99835
1151;1213.0;[2299.0];2022-06-29;306.0;16.134;2;-1.0;34.084860000000006
1152;1213.0;[2147.0];2022-06-27;1801.8;16.132;0;0.0;86.90155800000001
1153;1213.0;[2038.0];2022-06-22;4001.35;16.134;2;-1.0;164.5676685
1154;1213.0;[1864.0, 1851.0];2022-06-20;2900.58;16.132;0;-0.5;125.6994798
1155;1213.0;[1760.0];2022-06-15;14.08;16.132;2;0.0;23.7771648
1156;1213.0;[1716.0, 1639.0];2022-06-13;434.08;16.132;0;-0.5;38.6073648
1157;1213.0;[1609.0, 1531.0];2022-06-08;1150.0;16.134;2;-1.5;63.8865
1158;1213.0;[1211.0];2022-06-01;450.78;16.132;2;0.0;39.1970418
1159;1213.0;[910.0];2022-05-23;2794.48;16.134;0;0.0;121.95308880000002
1160;1213.0;[783.0];2022-05-18;2794.48;16.134;2;-1.0;121.95308880000002
1161;1213.0;[572.0, 573.0];2022-05-11;2519.7;16.134;2;-2.0;112.250607
1162;1213.0;[348.0];2022-05-09;1047.12;16.132;0;0.0;60.2538072
1163;1236.0;[7131.0, 7085.0];2022-10-27;4639.38;44.986999999999995;3;-0.5;187.0965078
1164;1236.0;[6962.0];2022-10-25;4724.5;44.986999999999995;1;0.0;190.102095
1165;1236.0;[6712.0];2022-10-18;418.0;44.986999999999995;1;0.0;38.03958
1166;1236.0;[6535.0];2022-10-13;792.0;44.986999999999995;3;0.0;51.24552
1167;1236.0;[6483.0];2022-10-11;236.0;44.986999999999995;1;-1.0;31.61316
1168;1236.0;[6246.0, 6215.0];2022-10-06;2794.38;44.986999999999995;3;-0.5;121.94955780000001
1169;1236.0;[6091.0];2022-10-04;3095.01;44.986999999999995;1;0.0;132.5648031
1170;1236.0;[5969.0];2022-09-29;66.0;44.986999999999995;3;0.0;25.61046
1171;1236.0;[5846.0, 5824.0];2022-09-27;8155.0;44.986999999999995;1;-0.5;311.23305000000005
1172;1236.0;[5521.0];2022-09-20;3212.04;44.986999999999995;1;0.0;136.6971324
1173;1236.0;[5202.0];2022-09-13;6461.38;44.986999999999995;1;0.0;251.43132780000002
1174;1236.0;[5098.0];2022-09-08;28.5;44.986999999999995;3;-1.0;24.286335
1175;1236.0;[4938.0];2022-09-06;894.5;44.986999999999995;1;0.0;54.864795
1176;1236.0;[4760.0];2022-09-01;3074.5;44.986999999999995;3;0.0;131.840595
1177;1236.0;[4627.0];2022-08-30;210.07;44.986999999999995;1;0.0;30.6975717
1178;1236.0;[4581.0];2022-08-25;290.0;44.986999999999995;3;-4.0;33.51990000000001
1179;1236.0;[4441.0];2022-08-23;527.85;44.986999999999995;1;-1.0;41.918383500000004
1180;1236.0;[4360.0, 4254.0];2022-08-18;1750.0;44.986999999999995;3;-2.0;85.0725
1181;1236.0;[4167.0];2022-08-16;2870.0;44.986999999999995;1;0.0;124.61970000000001
1182;1236.0;[4129.0, 4068.0];2022-08-11;6153.13;44.986999999999995;3;-0.5;240.5470203
1183;1236.0;[4000.0];2022-08-09;1629.0;44.986999999999995;1;-1.0;80.79999000000001
1184;1236.0;[3858.0];2022-08-04;298.0;44.986999999999995;3;-1.0;33.80238
1185;1236.0;[3729.0];2022-08-02;6013.0;44.986999999999995;1;-1.0;235.59903000000003
1186;1236.0;[3560.0];2022-07-28;2376.0;44.986999999999995;3;-1.0;107.17656000000001
1187;1236.0;[3408.0];2022-07-26;736.0;44.986999999999995;1;-1.0;49.26816000000001
1188;1236.0;[3270.0, 3243.0];2022-07-21;2097.4;44.986999999999995;3;-2.5;97.339194
1189;1236.0;[2974.0, 2925.0, 2837.0];2022-07-14;9839.0;44.986999999999995;3;-1.6666666666666667;370.69509000000005
1190;1236.0;[2718.0];2022-07-12;159.5;44.986999999999995;1;0.0;28.911945000000003
1191;1236.0;[2610.0, 2555.0];2022-07-07;11434.8;44.986999999999995;3;-0.5;427.042788
1192;1236.0;[2311.0];2022-06-30;1999.56;44.986999999999995;3;0.0;93.8844636
1193;1236.0;[2221.0];2022-06-28;2092.0;44.986999999999995;1;0.0;97.14852
1194;1236.0;[2024.0];2022-06-23;2708.0;44.986999999999995;3;0.0;118.89948000000001
1195;1236.0;[1898.0];2022-06-21;5063.78;44.986999999999995;1;0.0;202.0820718
1196;1236.0;[1689.0];2022-06-14;114.0;44.986999999999995;1;0.0;27.30534
1197;1236.0;[1607.0, 1542.0];2022-06-09;4133.3099999999995;44.986999999999995;3;-0.5;169.22717609999998
1198;1236.0;[1467.0];2022-06-07;11.78;44.986999999999995;1;-1.0;23.6959518
1199;1236.0;[1319.0, 1260.0];2022-06-02;893.0;44.986999999999995;3;-0.5;54.81183
1200;1236.0;[1167.0];2022-05-31;3228.0;44.986999999999995;1;0.0;137.26068
1201;1236.0;[1003.0];2022-05-24;2485.5;44.986999999999995;1;-1.0;111.04300500000001
1202;1236.0;[639.0];2022-05-12;11632.0;44.986999999999995;3;-4.0;434.00592000000006
1203;1236.0;[411.0];2022-05-10;11298.11;44.986999999999995;1;0.0;422.2162641
1204;1255.0;[7036.0];2022-10-24;1440.86;98.16799999999999;0;-2.0;74.1567666
1205;1255.0;[6314.0];2022-10-10;681.42;98.16799999999999;0;0.0;47.340940200000006
1206;1255.0;[6109.0];2022-10-03;894.63;98.16799999999999;0;-2.0;54.869385300000005
1207;1255.0;[6023.0, 5853.0];2022-09-26;750.06;98.16799999999999;0;-3.0;49.7646186
1208;1255.0;[5139.0];2022-09-12;595.27;98.16799999999999;0;0.0;44.2989837
1209;1255.0;[5094.0, 4992.0, 4868.0];2022-09-05;1800.0900000000001;98.16799999999999;0;-2.0;86.84117790000002
1210;1255.0;[4665.0];2022-08-29;171.06;98.16799999999999;0;-2.0;29.320128600000004
1211;1255.0;[4345.0];2022-08-22;63.0;98.16799999999999;0;0.0;25.504530000000003
1212;1255.0;[3974.0];2022-08-08;1860.47;98.16799999999999;0;-2.0;88.97319570000002
1213;1255.0;[3696.0, 3620.0];2022-08-01;728.67;98.16799999999999;0;-1.0;49.0093377
1214;1255.0;[3291.0];2022-07-25;67.0;98.16799999999999;0;0.0;25.645770000000002
1215;1255.0;[2961.0];2022-07-18;971.46;98.16799999999999;0;0.0;57.58225260000001
1216;1255.0;[2666.0];2022-07-11;741.78;98.16799999999999;0;0.0;49.4722518
1217;1255.0;[2106.0, 1926.0];2022-06-20;330.82;98.16799999999999;0;-3.0;34.9612542
1218;1255.0;[1772.0, 1625.0];2022-06-13;2662.18;98.16799999999999;0;-1.0;117.28157580000001
1219;1255.0;[1437.0, 1375.0];2022-06-06;1728.64;98.16799999999999;0;-1.5;84.31827840000001
1220;1255.0;[1209.0];2022-05-30;1000.0;98.16799999999999;0;-2.0;58.59
1221;1255.0;[901.0];2022-05-23;57.3;98.16799999999999;0;0.0;25.303263
1222;1255.0;[609.0];2022-05-16;260.3;98.16799999999999;0;0.0;32.471193
1223;1255.0;[455.0];2022-05-09;88.46;98.16799999999999;0;-2.0;26.403522600000002
1224;1313.0;[7060.0];2022-10-25;1730.45;102.51100000000001;1;-2.0;84.38218950000001
1225;1313.0;[6925.0];2022-10-18;404.5;102.51100000000001;1;-6.0;37.562895
1226;1313.0;[6498.0, 6418.0];2022-10-11;7462.0;102.51100000000001;1;-1.5;286.76322000000005
1227;1313.0;[6305.0, 6127.0];2022-10-04;11773.57;102.51100000000001;1;-3.5;439.00475670000003
1228;1313.0;[5981.0, 5905.0];2022-09-27;4147.49;102.51100000000001;1;-2.0;169.7278719
1229;1313.0;[5476.0, 5282.0];2022-09-13;671.75;102.51100000000001;1;-3.5;46.9994925
1230;1313.0;[5122.0, 5035.0];2022-09-06;18348.66;102.51100000000001;1;-4.0;671.1711846000001
1231;1313.0;[4865.0];2022-08-30;1761.0;102.51100000000001;1;-6.0;85.46091000000001
1232;1313.0;[4602.0];2022-08-23;1533.0;102.51100000000001;1;-6.0;77.41023000000001
1233;1313.0;[4356.0, 4268.0];2022-08-16;9750.0;102.51100000000001;1;-4.0;367.5525
1234;1313.0;[4116.0, 3963.0];2022-08-09;3943.2;102.51100000000001;1;-1.5;162.514392
1235;1313.0;[3565.0, 3455.0];2022-07-26;5834.92;102.51100000000001;1;-3.5;229.31102520000002
1236;1313.0;[3308.0];2022-07-19;5002.5;102.51100000000001;1;-6.0;199.91827500000002
1237;1313.0;[2990.0, 2782.0];2022-07-12;7130.889999999999;102.51100000000001;1;-3.5;275.0717259
1238;1313.0;[2458.0];2022-07-05;7568.0;102.51100000000001;1;-1.0;290.50608
1239;1313.0;[1974.0];2022-06-21;11020.52;102.51100000000001;1;-1.0;412.4145612000001
1240;1313.0;[1491.0];2022-06-07;3399.0;102.51100000000001;1;-2.0;143.29869000000002
1241;1313.0;[1179.0];2022-05-31;5141.0;102.51100000000001;1;-1.0;204.80871000000002
1242;1313.0;[1064.0, 961.0];2022-05-24;4078.4700000000003;102.51100000000001;1;-3.0;167.29077570000004
1243;1313.0;[632.0];2022-05-10;1263.5;102.51100000000001;1;-6.0;67.89418500000001
1244;1350.0;[6996.0, 6947.0];2022-10-24;1100.0;39.586;0;-1.5;62.121
1245;1350.0;[6627.0];2022-10-17;1841.76;39.586;0;0.0;88.3125456
1246;1350.0;[6481.0];2022-10-10;909.53;39.586;0;-2.0;55.3955043
1247;1350.0;[6002.0, 5741.0];2022-09-26;7293.5;39.586;0;-2.0;280.813485
1248;1350.0;[5352.0, 5353.0, 5195.0];2022-09-12;2381.5;45.245;0;-2.3333333333333335;107.370765
1249;1350.0;[4997.0];2022-09-05;2281.0;39.586;0;-2.0;103.82211
1250;1350.0;[4761.0];2022-08-29;1515.0;39.586;0;-3.0;76.77465000000001
1251;1350.0;[4555.0];2022-08-22;3000.0;39.586;0;-4.0;129.21
1252;1350.0;[4252.0, 4253.0];2022-08-15;5704.27;45.245;0;-3.0;224.69777370000003
1253;1350.0;[3826.0, 3726.0];2022-08-01;2653.0;39.586;0;-3.0;116.95743
1254;1350.0;[3409.0];2022-07-25;5953.5;39.586;0;-2.0;233.49808500000003
1255;1350.0;[2923.0, 2717.0, 2684.0];2022-07-11;5757.0;45.245;0;-1.6666666666666667;226.55967
1256;1350.0;[2307.0];2022-06-27;1966.44;39.586;0;-3.0;92.7149964
1257;1350.0;[1970.0, 1841.0];2022-06-20;4046.28;39.586;0;-1.0;166.1541468
1258;1350.0;[1638.0];2022-06-13;2086.0;39.586;0;0.0;96.93666
1259;1350.0;[1608.0, 1517.0, 1383.0];2022-06-06;5921.0;39.586;0;-2.6666666666666665;232.35051
1260;1350.0;[1261.0, 1097.0];2022-05-30;8762.75;39.586;0;-1.5;332.6927025
1261;1350.0;[763.0];2022-05-16;4608.0;39.586;0;-2.0;185.98848
1262;1371.0;[6939.0];2022-10-25;639.97;42.485;1;0.0;45.877340700000005
1263;1371.0;[6800.0];2022-10-18;2342.0;42.485;1;-2.0;105.97602
1264;1371.0;[6629.0, 6389.0];2022-10-11;2250.0;42.485;1;-3.0;102.7275
1265;1371.0;[6060.0];2022-10-04;688.0;42.485;1;0.0;47.573280000000004
1266;1371.0;[5716.0];2022-09-20;123.75;42.485;1;-6.0;27.649612500000003
1267;1371.0;[5421.0, 5364.0, 5206.0];2022-09-13;2707.5;42.485;1;-3.0;118.881825
1268;1371.0;[5134.0, 5068.0];2022-09-06;1444.67;42.485;1;-4.0;74.2912977
1269;1371.0;[4843.0];2022-08-30;1899.38;42.485;1;-6.0;90.34710780000002
1270;1371.0;[4492.0, 4461.0];2022-08-23;1114.0;42.485;1;-1.5;62.61534
1271;1371.0;[4352.0];2022-08-16;1280.0;42.485;1;-6.0;68.4768
1272;1371.0;[3990.0];2022-08-09;1146.0;42.485;1;-1.0;63.74526
1273;1371.0;[3475.0];2022-07-26;380.0;42.485;1;-2.0;36.6978
1274;1371.0;[3296.0, 3249.0, 3076.0];2022-07-19;4473.0;42.485;1;-3.3333333333333335;181.22163
1275;1371.0;[2898.0];2022-07-12;2338.0;42.485;1;-3.0;105.83478
1276;1371.0;[2263.0, 2229.0];2022-06-28;2648.0;42.485;1;-1.0;116.78088000000001
1277;1371.0;[2068.0, 2053.0];2022-06-21;3217.5;42.485;1;-2.5;136.889925
1278;1371.0;[1498.0, 1478.0];2022-06-07;1358.0;42.485;1;-1.5;71.23098
1279;1371.0;[871.0];2022-05-17;1276.0;42.485;1;-3.0;68.33556000000002
1280;1372.0;[6761.0];2022-10-17;133.0;118.51799999999999;0;-2.0;27.97623
1281;1372.0;[6077.0];2022-10-03;720.0;118.51799999999999;0;-1.0;48.7032
1282;1372.0;[5979.0, 5956.0];2022-09-26;2075.83;118.51799999999999;0;-3.5;96.5775573
1283;1372.0;[5178.0];2022-09-12;821.0;118.51799999999999;0;0.0;52.269510000000004
1284;1372.0;[4028.0, 3968.0];2022-08-08;2055.9300000000003;118.51799999999999;0;-1.5;95.87488830000002
1285;1372.0;[3650.0, 3598.0];2022-08-01;3489.86;118.51799999999999;0;-0.5;146.50695660000002
1286;1372.0;[3143.0, 2984.0];2022-07-18;1945.3;118.51799999999999;0;-1.5;91.96854300000001
1287;1372.0;[2785.0];2022-07-11;264.0;118.51799999999999;0;-2.0;32.60184
1288;1372.0;[2483.0];2022-07-04;55.45;118.51799999999999;0;-2.0;25.237939500000003
1289;1372.0;[1991.0, 1811.0];2022-06-20;1691.8899999999999;118.51799999999999;0;-1.5;83.0206359
1290;1372.0;[1779.0, 1681.0, 1653.0];2022-06-13;1886.28;118.51799999999999;0;-1.0;89.8845468
1291;1372.0;[1338.0, 1188.0, 1140.0, 1109.0];2022-05-30;2519.8599999999997;118.51799999999999;0;-1.75;112.2562566
1292;1372.0;[1041.0, 967.0, 933.0];2022-05-23;1589.24;118.51799999999999;0;-1.0;79.3960644
1293;1372.0;[875.0];2022-05-16;1615.36;118.51799999999999;0;-4.0;80.3183616
