Beladedatum;Wochentag;Kalenderwoche;ID_Empf‰nger;Gewicht;Frachtkosten;ID_Sendung;MR_ID;Monat;Frachtkosten_AF
2.5.2022;0;18;[1133, 1016];7256.63;148.54006475;[169, 15];0-65-2;5.0;302.7916053
2.5.2022;0;18;[1067, 1068];4955.74;136.31129049999998;[67, 68];0-479-1;5.0;221.5471794
2.5.2022;0;18;[1091];192.0;125.26693025;[100];0-705-0;5.0;30.059520000000003
2.5.2022;0;18;[1084, 1076];6173.08;210.698796;[90, 208, 149, 80];0-9586-0;5.0;311.09145480000007
2.5.2022;0;18;[1102, 1186, 1045];18448.850000000002;428.59555199999994;[228, 286, 44, 111, 293];0-13591-2;5.0;767.8288934999999
2.5.2022;0;18;[1063, 1062, 1061, 1053];5045.62;589.5758907499999;[123, 63, 62, 173, 52, 61];0-14299-2;5.0;317.8408422
2.5.2022;0;18;[1088, 1035, 1177, 1031, 1034, 1089];3029.72;400.36590825;[96, 98, 238, 269, 30, 34, 33, 95, 97];0-14574-2;5.0;316.4994132
4.5.2022;2;18;[1016];7904.0;123.80346825;[129];2-0-2;5.0;302.37023999999997
2022-05-04 00:00:00;2;18;1176;7253.0;279.38343;265;2-1629-2;5.0;279.38343
4.5.2022;2;18;[1176, 1035, 1031];22463.59;180.59512625;[264, 234, 157, 153, 241, 246];2-1629-2;5.0;1212.2527929
4.5.2022;2;18;[1034, 1089];973.6199999999999;256.5098305;[267, 235, 237];2-2720-1;5.0;104.2185222
4.5.2022;2;18;[1041, 1126];5186.58;135.57497800000002;[151, 356, 260, 150];2-4373-0;5.0;276.2581398
2022-05-04 00:00:00;2;18;1151;1603.49;79.8992319;403;2-5046-1;5.0;79.8992319
4.5.2022;2;18;[1151, 1045, 1187];11011.81;190.62726375000003;[206, 224, 287, 289];2-5046-1;5.0;561.846243
4.5.2022;2;18;[1067, 1068];7475.6;158.79640700000002;[199, 200];2-8375-1;5.0;310.523436
4.5.2022;2;18;[1123, 1084, 1082];17214.48;276.7043125;[143, 136, 259, 305, 295];2-9900-2;5.0;724.2432888000001
4.5.2022;2;18;[1062, 1063, 1115, 1056, 1065];13799.64;577.6320549999998;[171, 190, 283, 271, 185, 132, 172, 370, 187];2-14709-2;5.0;696.7852884000001
5.5.2022;3;18;[1091];1538.0;125.26693025;[250, 222];3-705-0;5.0;100.86678
5.5.2022;3;18;[1179, 1062, 1061];5238.65;243.59125175000003;[272, 275, 274, 192, 191];3-6396-0;5.0;301.3767315
6.5.2022;4;18;[1204];1991.0;280.48403075;[326];4-468-1;5.0;93.58221
9.5.2022;0;19;[1133, 1016];6237.45;148.54006475;[429, 314, 415];0-65-2;5.0;290.0843595
9.5.2022;0;19;[1068, 1067];3605.3900000000003;136.31129049999998;[375, 374];0-479-1;5.0;173.8663209
2022-05-09 00:00:00;0;19;1236;11298.11;422.2162641;411;0-705-0;5.0;422.2162641
9.5.2022;0;19;[1091];1802.75;125.26693025;[339, 433];0-705-0;5.0;532.4313666
9.5.2022;0;19;[1084, 1213];1518.12;210.698796;[327, 348];0-9586-0;5.0;100.1648172
9.5.2022;0;19;[1187, 1231, 1102];11930.53;428.59555199999994;[400, 401, 568, 426, 397];0-13591-2;5.0;537.6670143
9.5.2022;0;19;[1179, 1063, 1062, 1061, 1115, 1053];15198.56;589.5758907499999;[322, 321, 365, 421, 363, 324, 474, 311, 544, 312];0-14299-2;5.0;769.4611536000001
9.5.2022;0;19;[1035, 1255, 1089, 1177, 1088, 1034];5400.68;400.36590825;[343, 455, 395, 391, 396, 546, 394];0-14574-2;5.0;353.6580108
11.5.2022;2;19;[1016];20047.0;123.80346825;[483, 553, 438];2-0-2;5.0;777.69957
11.5.2022;2;19;[1176];1500.0;180.59512625;[451];2-1629-2;5.0;76.245
11.5.2022;2;19;[1070, 1089, 1034];7753.48;256.5098305;[524, 506, 431, 507, 674];2-2720-1;5.0;390.1753788
11.5.2022;2;19;[1213, 1041, 1126];7051.7;135.57497800000002;[572, 497, 607, 573, 650];2-4373-0;5.0;365.395527
11.5.2022;2;19;[1045, 1187];5498.4;190.62726375000003;[567, 570];2-5046-1;5.0;240.70850399999998
11.5.2022;2;19;[1067, 1068];4384.11;158.79640700000002;[518, 519];2-8375-1;5.0;201.3629241
2022-05-11 00:00:00;2;19;1084;1330.22;70.2500682;541;2-9900-2;5.0;70.2500682
2022-05-11 00:00:00;2;19;1123;4042.0;166.00302;436;2-9900-2;5.0;166.00302
11.5.2022;2;19;[1082, 1123];23915.989999999998;276.7043125;[528, 537, 535, 511];2-9900-2;5.0;1173.8466951
2022-05-11 00:00:00;2;19;1062;1752.0;85.14312;462;2-14709-2;5.0;85.14312
11.5.2022;2;19;[1273, 1063, 1115, 1056, 1204, 1065];23861.9;577.6320549999998;[500, 574, 464, 554, 566, 479, 561, 485, 465, 484, 517];2-14709-2;5.0;1183.786809
12.5.2022;3;19;[1091];2475.75;125.26693025;[578];3-705-0;5.0;110.69873249999999
12.5.2022;3;19;[1062, 1061, 1179];1855.67;243.59125175000003;[563, 477, 476, 480, 564];3-6396-0;5.0;181.92370770000002
13.5.2022;4;19;[1065, 1204];3359.0;280.48403075;[689, 690];4-468-1;5.0;165.16629
16.5.2022;0;20;[1133];1317.0;148.54006475;[735];0-65-2;5.0;69.78327
16.5.2022;0;20;[1067, 1068];7674.39;136.31129049999998;[669, 671];0-479-1;5.0;317.5427109
2022-05-16 00:00:00;0;20;1236;11632.0;434.00592;639;0-705-0;5.0;434.00592
16.5.2022;0;20;[];0.0;125.26693025;[];0-705-0;5.0;434.00592
16.5.2022;0;20;[1076, 1084];3102.14;210.698796;[720, 703];0-9586-0;5.0;156.0965634
16.5.2022;0;20;[1315, 1187, 1045, 1102, 1186, 1350];16685.5;428.59555199999994;[635, 695, 696, 824, 855, 763];0-13591-2;5.0;728.845005
16.5.2022;0;20;[1179, 1061, 1053, 1115, 1062, 1313, 1063];13265.05;589.5758907499999;[687, 622, 679, 620, 621, 773, 632, 761, 684, 579];0-14299-2;5.0;701.1889155
16.5.2022;0;20;[1176, 1255, 1089, 1034, 1088, 1031];16021.060000000001;400.36590825;[661, 609, 663, 665, 664, 614, 659, 660];0-14574-2;5.0;751.9436286
18.5.2022;2;20;[1016];16243.27;123.80346825;[847, 715];2-0-2;5.0;620.1098637
18.5.2022;2;20;[1035, 1176];3716.63;180.59512625;[863, 798, 709];2-1629-2;5.0;201.07420530000002
18.5.2022;2;20;[1089, 1034];4337.07;256.5098305;[738, 801];2-2720-1;5.0;199.7019417
18.5.2022;2;20;[1126, 1041, 1213];6667.48;135.57497800000002;[879, 785, 718, 783];2-4373-0;5.0;328.5487188
18.5.2022;2;20;[1151, 1045];11964.380000000001;190.62726375000003;[787, 767, 854];2-5046-1;5.0;492.3022578
18.5.2022;2;20;[1067, 1371, 1068];8205.71;158.79640700000002;[815, 871, 814];2-8375-1;5.0;359.58362009999996
18.5.2022;2;20;[1084, 1082];7986.25;276.7043125;[753, 806, 843];2-9900-2;5.0;351.8344875
18.5.2022;2;20;[1372, 1063, 1273, 1065, 1062, 1115, 1204];17740.61;577.6320549999998;[933, 732, 747, 777, 779, 876, 733, 760, 757, 778, 967, 875, 851];2-14709-2;5.0;929.0609390999999
19.5.2022;3;20;[1091];183.0;125.26693025;[859];3-705-0;5.0;29.74173
19.5.2022;3;20;[1061, 1062, 1179];2274.58;243.59125175000003;[793, 873, 794, 791, 874];3-6396-0;5.0;196.7154198
2022-05-20 00:00:00;4;20;1204;6326.0;246.65106;883;4-468-1;5.0;246.65106
20.5.2022;4;20;[1065];6890.0;280.48403075;[963, 884];4-468-1;5.0;536.49696
23.5.2022;0;21;[1133];5928.67;148.54006475;[1017];0-65-2;5.0;232.6213377
2022-05-23 00:00:00;0;21;1067;6427.0;250.21737000000002;946;0-479-1;5.0;250.21737000000002
23.5.2022;0;21;[1068];6815.44;136.31129049999998;[947];0-479-1;5.0;514.1505564
23.5.2022;0;21;[1236];2485.5;125.26693025;[1003];0-705-0;5.0;111.04300500000001
23.5.2022;0;21;[1213];2794.48;210.698796;[910];0-9586-0;5.0;121.9530888
23.5.2022;0;21;[1186, 1102, 1231, 1187, 1315, 1045];15652.93;428.59555199999994;[985, 1010, 1015, 984, 1005, 899, 981];0-13591-2;5.0;715.6649583
23.5.2022;0;21;[1062, 1179, 1061, 1123, 1313];11456.52;589.5758907499999;[968, 965, 932, 969, 1046, 924, 961, 882, 944];0-14299-2;5.0;614.0497212
23.5.2022;0;21;[1035, 1034, 1255, 1088, 1176, 1031, 1089];6990.73;400.36590825;[920, 919, 901, 1032, 918, 936, 937, 939, 938];0-14574-2;5.0;456.36267630000003
25.5.2022;2;21;[1016];5580.0;123.80346825;[1001];2-0-2;5.0;220.3098
25.5.2022;2;21;[1031, 1176];2268.49;180.59512625;[1030, 1029];2-1629-2;5.0;126.6603819
25.5.2022;2;21;[1089, 1070, 1034];1605.6;256.5098305;[1033, 1131, 1034];2-2720-1;5.0;126.53373599999999
25.5.2022;2;21;[1041];4441.5;135.57497800000002;[1149, 1052];2-4373-0;5.0;203.389365
25.5.2022;2;21;[1151, 1045];1210.5;190.62726375000003;[1150, 1014];2-5046-1;5.0;89.302755
25.5.2022;2;21;[];0.0;158.79640700000002;[];2-8375-1;5.0;0.0
25.5.2022;2;21;[1123];709.38;276.7043125;[994];2-9900-2;5.0;48.3282078
25.5.2022;2;21;[1372, 1063, 1056, 1062, 1115];7152.97;577.6320549999998;[1041, 1140, 1042, 1048, 1040, 998, 1109, 997];2-14709-2;5.0;438.81137070000005
26.5.2022;3;21;[];0.0;125.26693025;[];3-705-0;5.0;0.0
26.5.2022;3;21;[];0.0;243.59125175000003;[];3-6396-0;5.0;0.0
27.5.2022;4;21;[1204];1888.0;280.48403075;[1113];4-468-1;5.0;89.94528000000001
30.5.2022;0;22;[1133, 1016];7967.0599999999995;148.54006475;[1239, 1162];0-65-2;5.0;327.8768886
30.5.2022;0;22;[1067, 1068];5487.83;136.31129049999998;[1127, 1129];0-479-1;5.0;240.3352773
30.5.2022;0;22;[1091, 1236];6511.59;125.26693025;[1243, 1157, 1102, 1167];0-705-0;5.0;323.0442429
30.5.2022;0;22;[];0.0;210.698796;[];0-9586-0;5.0;0.0
30.5.2022;0;22;[1187, 1102, 1186, 1350, 1231, 1045];16614.71;428.59555199999994;[1093, 1322, 1323, 1261, 1174, 1172, 1198, 1090, 1256, 1097];0-13591-2;5.0;819.4654101
30.5.2022;0;22;[1063, 1179, 1053, 1123, 1061, 1062, 1313, 1115];21360.5;589.5758907499999;[1108, 1107, 1118, 1190, 1081, 1175, 1110, 1061, 1064, 1272, 1137, 1087, 1141, 1179];0-14299-2;5.0;1080.159255
30.5.2022;0;22;[1031, 1088, 1177, 1035, 1089, 1255, 1034, 1176];11309.64;400.36590825;[1075, 1221, 1313, 1126, 1125, 1124, 1209, 1076, 1250, 1121];0-14574-2;5.0;632.1433884
1.6.2022;2;22;[1016];16204.0;123.80346825;[1306, 1235];2-0-2;6.0;618.72324
1.6.2022;2;22;[1031, 1176, 1035];9061.25;180.59512625;[1317, 1318, 1227, 1225, 1314, 1226, 1249];2-1629-2;6.0;482.91273750000005
1.6.2022;2;22;[1070, 1034];4566.280000000001;256.5098305;[1281, 1222];2-2720-1;6.0;207.7953468
1.6.2022;2;22;[1213, 1041];4562.78;135.57497800000002;[1211, 1267];2-4373-0;6.0;207.67176179999998
1.6.2022;2;22;[1045, 1187];10338.0;190.62726375000003;[1324, 1196, 1257, 1195];2-5046-1;6.0;458.15478
1.6.2022;2;22;[1068];2513.42;158.79640700000002;[1279];2-8375-1;6.0;112.0288602
1.6.2022;2;22;[1084];4761.68;276.7043125;[1342, 1214];2-9900-2;6.0;214.69492080000003
1.6.2022;2;22;[1065, 1372, 1056, 1273, 1115, 1204];9231.77;577.6320549999998;[1303, 1188, 1298, 1417, 1338, 1192, 1186, 1301, 1302];2-14709-2;6.0;535.4937987
2.6.2022;3;22;[1236, 1091];5053.0;125.26693025;[1319, 1260, 1331];3-705-0;6.0;248.26143000000002
2.6.2022;3;22;[1062, 1179];1345.95;243.59125175000003;[1291, 1292, 1297, 1339];3-6396-0;6.0;140.6454945
3.6.2022;4;22;[1065];2384.0;280.48403075;[1360];4-468-1;6.0;107.45903999999999
6.6.2022;0;23;[1133];1457.88;148.54006475;[1476];0-65-2;6.0;74.7577428
6.6.2022;0;23;[1067, 1068];3759.58;136.31129049999998;[1364, 1393];0-479-1;6.0;179.3107698
6.6.2022;0;23;[1236, 1091];571.78;125.26693025;[1467, 1368];0-705-0;6.0;66.7495518
6.6.2022;0;23;[1076];2222.94;210.698796;[1533, 1610];0-9586-0;6.0;125.05201140000001
6.6.2022;0;23;[1350, 1231, 1186, 1187, 1102];13980.329999999998;428.59555199999994;[1383, 1573, 1570, 1517, 1390, 1520, 1608];0-13591-2;6.0;656.6054523
6.6.2022;0;23;[1062, 1115, 1061, 1313];6672.76;589.5758907499999;[1398, 1422, 1444, 1491];0-14299-2;6.0;328.7351556
6.6.2022;0;23;[1088, 1255, 1035];3239.88;400.36590825;[1546, 1437, 1377, 1374, 1375];0-14574-2;6.0;230.8001628
8.6.2022;2;23;[1016];21274.89;123.80346825;[1464, 1596];2-0-2;6.0;797.7763659000001
8.6.2022;2;23;[1176, 1035];6424.67;180.59512625;[1602, 1550, 1503, 1606];2-1629-2;6.0;319.9750977
8.6.2022;2;23;[1034, 1070, 1089];1971.45;256.5098305;[1544, 1676, 1545, 1502];2-2720-1;6.0;162.7318995
8.6.2022;2;23;[1213, 1041];2160.21;135.57497800000002;[1531, 1609, 1633];2-4373-0;6.0;146.1170151
8.6.2022;2;23;[1187, 1045, 1151];6645.049999999999;190.62726375000003;[1523, 1571, 1524, 1724];2-5046-1;6.0;327.7567155
8.6.2022;2;23;[1067, 1371, 1068];2746.74;158.79640700000002;[1500, 1498, 1478, 1499];2-8375-1;6.0;190.1073894
8.6.2022;2;23;[1084, 1123];11032.11;276.7043125;[1430, 1578, 1487, 1432];2-9900-2;6.0;482.66380409999994
8.6.2022;2;23;[1062, 1372, 1065, 1273, 1204, 1056];14796.4;577.6320549999998;[1426, 1681, 1653, 1512, 1452, 1471, 1538, 1513, 1560, 1511, 1679];2-14709-2;6.0;778.540884
9.6.2022;3;23;[1091, 1236];6601.3099999999995;125.26693025;[1525, 1607, 1563, 1542];3-705-0;6.0;326.2122561
9.6.2022;3;23;[1062, 1179];3821.31;243.59125175000003;[1556, 1505, 1559];3-6396-0;6.0;204.7704561
10.6.2022;4;23;[1065, 1204];6757.0;280.48403075;[1671, 1672];4-468-1;6.0;285.14967
13.6.2022;0;24;[1133];1941.32;148.54006475;[1725];0-65-2;6.0;91.82800920000001
13.6.2022;0;24;[1067, 1068];10221.61;136.31129049999998;[1673, 1674];0-479-1;6.0;407.48504909999997
13.6.2022;0;24;[1236];114.0;125.26693025;[1689];0-705-0;6.0;27.30534
13.6.2022;0;24;[1213, 1076];957.8000000000001;210.698796;[1716, 1761, 1723, 1639];0-9586-0;6.0;126.939918
13.6.2022;0;24;[1186, 1187, 1231, 1045, 1350];15154.3;428.59555199999994;[1757, 1694, 1759, 1636, 1696, 1638, 1695];0-13591-2;6.0;698.058333
13.6.2022;0;24;[1062, 1061, 1179, 1115, 1063];7828.4400000000005;589.5758907499999;[1680, 1654, 1781, 1668, 1658, 1662, 1683];0-14299-2;6.0;439.3822164
13.6.2022;0;24;[1034, 1255, 1031, 1089, 1035, 1176];11978.48;400.36590825;[1629, 1772, 1699, 1701, 1628, 1625, 1698, 1702];0-14574-2;6.0;609.2001287999999
15.6.2022;2;24;[1016];8660.67;123.80346825;[1770];2-0-2;6.0;329.0882577
15.6.2022;2;24;[1035];1912.6;180.59512625;[1776];2-1629-2;6.0;90.813906
15.6.2022;2;24;[1070];5140.77;256.5098305;[1896];2-2720-1;6.0;204.8005887
15.6.2022;2;24;[1213, 1126];3233.08;135.57497800000002;[1760, 1849];2-4373-0;6.0;160.72005479999999
15.6.2022;2;24;[1151, 1045];6042.0;190.62726375000003;[1744, 1866, 1758];2-5046-1;6.0;283.18302
15.6.2022;2;24;[];0.0;158.79640700000002;[];2-8375-1;6.0;0.0
2022-06-15 00:00:00;2;24;1082;6070.39;237.62547090000004;1746;2-9900-2;6.0;237.62547090000004
15.6.2022;2;24;[1123, 1082];23924.53;276.7043125;[1745, 1733];2-9900-2;6.0;1128.9606251999999
15.6.2022;2;24;[1056, 1062, 1372];3167.08;577.6320549999998;[1787, 1815, 1780, 1811, 1779];2-14709-2;6.0;228.2295948
16.6.2022;3;24;[];0.0;125.26693025;[];3-705-0;6.0;0.0
16.6.2022;3;24;[];0.0;243.59125175000003;[];3-6396-0;6.0;0.0
17.6.2022;4;24;[1204, 1065];8121.5;280.48403075;[1873, 1874];4-468-1;6.0;333.33016499999997
20.6.2022;0;25;[1133, 1016];12598.53;148.54006475;[2055, 1877, 1916];0-65-2;6.0;514.6940943
20.6.2022;0;25;[1068];5923.28;136.31129049999998;[1891];0-479-1;6.0;232.4310168
20.6.2022;0;25;[1091, 1236];7492.36;125.26693025;[1931, 1860, 1898];0-705-0;6.0;334.3952316
20.6.2022;0;25;[1213];2900.58;210.698796;[1851, 1864];0-9586-0;6.0;148.97947979999998
2022-06-20 00:00:00;0;25;1045;624.0;45.31344;1902;0-13591-2;6.0;45.31344
2022-06-20 00:00:00;0;25;1187;6809.5;263.723445;1839;0-13591-2;6.0;263.723445
20.6.2022;0;25;[1187, 1186, 1350, 1231, 1315, 1045];23991.27;428.59555199999994;[1903, 2093, 1841, 1837, 1972, 2095, 1970, 1838];0-13591-2;6.0;1342.4086287
2022-06-20 00:00:00;0;25;1179;687.42;47.55280020000001;1813;0-14299-2;6.0;47.55280020000001
2022-06-20 00:00:00;0;25;1061;2419.48;108.71183880000001;1812;0-14299-2;6.0;108.71183880000001
2022-06-20 00:00:00;0;25;1313;11020.52;412.4145612;1974;0-14299-2;6.0;412.4145612
20.6.2022;0;25;[1123, 1179, 1053, 1063, 1115];23966.089999999997;589.5758907499999;[1791, 1977, 1907, 1890, 1888, 1875, 1800];0-14299-2;6.0;1577.8818381
20.6.2022;0;25;[1088, 1255, 1089, 1177, 1034, 1035, 1031];18696.399999999998;400.36590825;[1825, 2106, 1821, 1932, 1926, 1884, 1885, 2017, 1886, 1824, 1881, 1820];0-14574-2;6.0;939.5298840000002
22.6.2022;2;25;[1016];19972.0;123.80346825;[2074, 1958];2-0-2;6.0;751.7713200000001
22.6.2022;2;25;[1031, 1035];2723.04;180.59512625;[2110, 2104, 2026, 2013];2-1629-2;6.0;189.27054239999998
22.6.2022;2;25;[1034, 1070];6151.18;256.5098305;[2107, 2036, 2016, 1934, 2203];2-2720-1;6.0;333.5981658
22.6.2022;2;25;[1126, 1213];7689.15;135.57497800000002;[2154, 2077, 2038];2-4373-0;6.0;341.3438865
2022-06-22 00:00:00;2;25;1187;1688.08;82.8861048;1968;2-5046-1;6.0;82.8861048
22.6.2022;2;25;[1045, 1187, 1151];11939.880000000001;190.62726375000003;[1981, 2022, 2244, 2021, 2044, 2094, 2092];2-5046-1;6.0;667.4432676
2022-06-22 00:00:00;2;25;1371;517.0;41.535270000000004;2053;2-8375-1;6.0;41.535270000000004
22.6.2022;2;25;[1371, 1067, 1068];11778.96;158.79640700000002;[2229, 2068, 1915, 2029];2-8375-1;6.0;550.5703476
22.6.2022;2;25;[1084, 1123, 1082];7205.73;276.7043125;[1943, 2065, 2061, 1950, 1946];2-9900-2;6.0;370.8343263
22.6.2022;2;25;[1065, 1056, 1372, 1115, 1204, 1063];8469.49;577.6320549999998;[2001, 1997, 2000, 1991, 2143, 2096, 2002, 2099];2-14709-2;6.0;485.2976919
23.6.2022;3;25;[1236];2708.0;125.26693025;[2024];3-705-0;6.0;118.89948000000001
23.6.2022;3;25;[1179, 1061, 1062];3990.04;243.59125175000003;[1996, 1993, 1992, 2098];3-6396-0;6.0;234.00831240000002
24.6.2022;4;25;[1065, 1204];7426.0;280.48403075;[2189, 2188, 2187];4-468-1;6.0;332.05206
27.6.2022;0;26;[1016];2304.0;148.54006475;[2175];0-65-2;6.0;104.63424
27.6.2022;0;26;[1067, 1068];2916.21;136.31129049999998;[2199, 2200];0-479-1;6.0;149.5313751
27.6.2022;0;26;[1091, 1236];3282.77;125.26693025;[2163, 2221];0-705-0;6.0;162.47460869999998
27.6.2022;0;26;[1084, 1213];1885.55;210.698796;[2125, 2147];0-9586-0;6.0;113.13877049999999
27.6.2022;0;26;[1045, 1350, 1102, 1187];11641.34;428.59555199999994;[2209, 2129, 2307, 2304, 2208];0-13591-2;6.0;527.4557154
27.6.2022;0;26;[1179, 1115, 1063, 1053, 1062, 1123];14654.37;589.5758907499999;[2236, 2112, 2144, 2140, 2256, 2237, 2145, 2238, 2120, 2212, 2111];0-14299-2;6.0;773.5258047
27.6.2022;0;26;[1035, 1089, 1031, 1177, 1176, 1088];19188.370000000003;400.36590825;[2197, 2182, 2196, 2184, 2194, 2271, 2183, 2180, 2193];0-14574-2;6.0;887.0613447
29.6.2022;2;26;[];0.0;123.80346825;[];2-0-2;6.0;0.0
29.6.2022;2;26;[1176, 1031, 1035];10164.29;180.59512625;[2266, 2268, 2319, 2267];2-1629-2;6.0;452.0210799
29.6.2022;2;26;[1089, 1070];3596.54;256.5098305;[2270, 2262];2-2720-1;6.0;173.5538274
29.6.2022;2;26;[1213];306.0;135.57497800000002;[2299];2-4373-0;6.0;34.08486
29.6.2022;2;26;[];0.0;190.62726375000003;[];2-5046-1;6.0;0.0
29.6.2022;2;26;[1371];792.0;158.79640700000002;[2263];2-8375-1;6.0;51.24552
29.6.2022;2;26;[1123, 1082];5075.62;276.7043125;[2290, 2342];2-9900-2;6.0;225.7801422
29.6.2022;2;26;[1056, 1204];1851.33;577.6320549999998;[2387, 2314, 2248];2-14709-2;6.0;135.21046230000002
30.6.2022;3;26;[1236];1999.56;125.26693025;[2311];3-705-0;6.0;93.88446359999999
30.6.2022;3;26;[1062, 1061];2798.51;243.59125175000003;[2318, 2246];3-6396-0;6.0;145.3753881
1.7.2022;4;26;[1204, 1065];8961.5;280.48403075;[2363, 2362];4-468-1;7.0;362.99056500000006
4.7.2022;0;27;[1133, 1016];22448.440000000002;148.54006475;[2492, 2329];0-65-2;7.0;839.2144164
4.7.2022;0;27;[1067, 1068];9656.46;136.31129049999998;[2393, 2395];0-479-1;7.0;387.52960260000003
4.7.2022;0;27;[1091];2059.25;125.26693025;[2380, 2495, 2322];0-705-0;7.0;142.5521175
4.7.2022;0;27;[1084, 1213, 1076];3441.27;210.698796;[2343, 2409, 2408, 2403, 2475, 2517];0-9586-0;7.0;261.1912437
4.7.2022;0;27;[1315, 1231, 1187, 1186, 1045, 1102];13173.92;428.59555199999994;[2607, 2603, 2332, 2602, 2330, 2422, 2420, 2417];0-13591-2;7.0;651.4111151999999
4.7.2022;0;27;[1061, 1179, 1063, 1123, 1115, 1062, 1313];16378.28;589.5758907499999;[2486, 2357, 2356, 2392, 2390, 2341, 2366, 2487, 2391, 2458];0-14299-2;7.0;811.1170668
4.7.2022;0;27;[1035, 1177, 1088, 1089, 1034];10605.79;400.36590825;[2353, 2470, 2384, 2350, 2386, 2540, 2374, 2385];0-14574-2;7.0;560.7304449
6.7.2022;2;27;[1016];15918.8;123.80346825;[2453, 2634];2-0-2;7.0;608.652828
6.7.2022;2;27;[1176, 1035];12584.71;180.59512625;[2536, 2621, 2537];2-1629-2;7.0;514.2061100999999
6.7.2022;2;27;[1089, 1070, 1034];4779.05;256.5098305;[2541, 2514, 2469];2-2720-1;7.0;238.5882555
2022-07-06 00:00:00;2;27;1126;1200.0;65.652;2516;2-4373-0;7.0;65.652
6.7.2022;2;27;[1041, 1213, 1126];7982.72;135.57497800000002;[2515, 2472, 2593, 2679];2-4373-0;7.0;440.64184320000004
6.7.2022;2;27;[1187, 1151, 1045];10995.56;190.62726375000003;[2561, 2559, 2560, 2757];2-5046-1;7.0;481.3732236000001
6.7.2022;2;27;[1067, 1068];6969.67;158.79640700000002;[2507, 2508];2-8375-1;7.0;292.6590477
6.7.2022;2;27;[1084, 1123, 1082];6604.9;276.7043125;[2445, 2437, 2660];2-9900-2;7.0;303.05901900000003
6.7.2022;2;27;[1372, 1056, 1273, 1065, 1062, 1115, 1063, 1204];21481.61;577.6320549999998;[2483, 2488, 2758, 2505, 2484, 2691, 2633, 2565, 2451, 2502, 2423, 2504, 2675, 2632];2-14709-2;7.0;1084.4356490999999
2022-07-07 00:00:00;3;27;1236;10982.8;411.082668;2555;3-705-0;7.0;411.082668
7.7.2022;3;27;[1236];452.0;125.26693025;[2610];3-705-0;7.0;450.322788
7.7.2022;3;27;[1179, 1062, 1061];3788.31;243.59125175000003;[2591, 2498, 2499, 2627];3-6396-0;7.0;226.8852261
8.7.2022;4;27;[1065, 1204];8515.0;280.48403075;[2707, 2708];4-468-1;7.0;347.22465
11.7.2022;0;28;[1016, 1133];11273.25;148.54006475;[2652, 2806];0-65-2;7.0;444.6184575
11.7.2022;0;28;[1067, 1068];3176.87;136.31129049999998;[2656, 2751];0-479-1;7.0;158.7352797
11.7.2022;0;28;[1236, 1091];1979.96;125.26693025;[2718, 2725, 2658];0-705-0;7.0;139.7523876
11.7.2022;0;28;[1076];755.48;210.698796;[2850, 2677];0-9586-0;7.0;73.2359988
2022-07-11 00:00:00;0;28;1102;3994.2;164.315202;2833;0-13591-2;7.0;164.315202
2022-07-11 00:00:00;0;28;1315;4030.0;165.5793;2924;0-13591-2;7.0;165.5793
11.7.2022;0;28;[1350, 1231, 1186, 1187, 1102];23397.55;428.59555199999994;[2717, 2684, 2713, 2918, 2689, 2923, 2716];0-13591-2;7.0;1319.0219925000001
11.7.2022;0;28;[1123, 1061, 1062, 1053, 1313, 1179];20475.96;589.5758907499999;[2743, 2647, 2736, 2697, 2824, 2698, 2782, 2646, 2644];0-14299-2;7.0;932.5261476000001
11.7.2022;0;28;[1177, 1255, 1034, 1035, 1088];9839.779999999999;400.36590825;[2907, 2666, 2668, 2683, 2740, 2739];0-14574-2;7.0;487.1226318
13.7.2022;2;28;[1016];3649.82;123.80346825;[2820];2-0-2;7.0;152.15514419999997
13.7.2022;2;28;[1035, 1031, 1176];8132.76;180.59512625;[2905, 2841, 2839, 2902, 2903];2-1629-2;7.0;403.5677556
13.7.2022;2;28;[1089, 1070, 1034];4969.27;256.5098305;[2843, 2884, 2844];2-2720-1;7.0;245.30492370000002
13.7.2022;2;28;[1213];922.0;135.57497800000002;[2911];2-4373-0;7.0;55.83582
13.7.2022;2;28;[1151, 1045];6365.59;190.62726375000003;[2916, 2919, 3071];2-5046-1;7.0;294.6089829
13.7.2022;2;28;[1371, 1067, 1068];9611.5;158.79640700000002;[2898, 2859, 2862];2-8375-1;7.0;409.22206500000004
13.7.2022;2;28;[1084, 1123, 1082];11380.29;276.7043125;[2797, 2893, 2950];2-9900-2;7.0;471.6780399
13.7.2022;2;28;[1056, 1372, 1063, 1273, 1062, 1065, 1204];7978.0;577.6320549999998;[2789, 3051, 2785, 2881, 2913, 2786, 2984, 2826, 2825];2-14709-2;7.0;491.22318
14.7.2022;3;28;[1091, 1236];5256.9400000000005;125.26693025;[2872, 2837, 2925];3-705-0;7.0;255.4625514
14.7.2022;3;28;[1062, 1179];4189.04;243.59125175000003;[2877, 2879];3-6396-0;7.0;194.4750024
2022-07-15 00:00:00;4;28;1204;952.0;56.89512;3019;4-468-1;7.0;56.89512
2022-07-15 00:00:00;4;28;1065;1300.0;69.183;3055;4-468-1;7.0;69.183
15.7.2022;4;28;[1204, 1065];11657.0;280.48403075;[3054, 3018];4-468-1;7.0;584.24679
2022-07-18 00:00:00;0;29;1016;3044.0;130.76363999999998;2946;0-65-2;7.0;130.76363999999998
18.7.2022;0;29;[1133, 1016];22089.18;148.54006475;[3180, 3017, 3074];0-65-2;7.0;980.5725858000001
18.7.2022;0;29;[1067, 1068];3504.51;136.31129049999998;[3032, 3034];0-479-1;7.0;170.3042481
18.7.2022;0;29;[1091, 1236];5142.0;125.26693025;[2978, 2974];0-705-0;7.0;228.12402000000003
18.7.2022;0;29;[1076, 1084];2942.37;210.698796;[3086, 3000, 2953, 3070];0-9586-0;7.0;197.0150847
2022-07-18 00:00:00;0;29;1315;750.77;49.789688700000006;2972;0-13591-2;7.0;49.789688700000006
18.7.2022;0;29;[1045, 1186, 1187, 1315, 1231, 1102];23954.879999999997;428.59555199999994;[2970, 2971, 2968, 3021, 3203, 2967, 3022, 3020, 3024, 3159];0-13591-2;7.0;1128.4365015
18.7.2022;0;29;[1179, 1061, 1062, 1115, 1053, 1313];11341.99;589.5758907499999;[3050, 2988, 3093, 2985, 2993, 3048, 2940, 3146, 2990];0-14299-2;7.0;610.0056669
18.7.2022;0;29;[1177, 1176, 1088, 1089, 1034, 1255, 1035];11086.29;400.36590825;[3005, 3014, 3167, 3044, 3043, 3011, 3012, 3010, 2961, 3045, 3238, 2962];0-14574-2;7.0;670.8168999
20.7.2022;2;29;[1016];8280.0;123.80346825;[3115];2-0-2;7.0;315.6468
20.7.2022;2;29;[1031, 1035, 1176];4016.94;180.59512625;[3081, 3242, 3240];2-1629-2;7.0;211.6781514
20.7.2022;2;29;[1089, 1034, 1070];10611.52;256.5098305;[3166, 3168, 3356, 3248, 3082];2-2720-1;7.0;491.0927712
20.7.2022;2;29;[1041, 1126];3863.0;135.57497800000002;[3234, 3195, 3087];2-4373-0;7.0;206.24253000000002
20.7.2022;2;29;[1151, 1187, 1045];4860.5;190.62726375000003;[3381, 3157, 3138, 3205];2-5046-1;7.0;264.74425499999995
2022-07-20 00:00:00;2;29;1371;3780.0;156.7518;3296;2-8375-1;7.0;156.7518
20.7.2022;2;29;[1371, 1067, 1068];10335.59;158.79640700000002;[3249, 3076, 3185, 3187];2-8375-1;7.0;614.8214828999999
20.7.2022;2;29;[1084, 1082, 1123];7931.29;276.7043125;[3150, 3211, 3257, 3210, 3100, 3101];2-9900-2;7.0;419.73384990000005
20.7.2022;2;29;[1063, 1115, 1056, 1372, 1273, 1204, 1065];15506.36;577.6320549999998;[3091, 3227, 3371, 3320, 3116, 3143, 3089, 3313, 3357, 3226, 3145, 3137];2-14709-2;7.0;826.8895716000001
21.7.2022;3;29;[1236];1964.4;125.26693025;[3243];3-705-0;7.0;92.642964
21.7.2022;3;29;[1062];1935.01;243.59125175000003;[3225, 3142];3-6396-0;7.0;114.8852031
22.7.2022;4;29;[1204, 1065];2596.0;280.48403075;[3360, 3359];4-468-1;7.0;138.22476
25.7.2022;0;30;[1133, 1016];17856.75;148.54006475;[3295, 3411, 3282];0-65-2;7.0;700.3618425
25.7.2022;0;30;[1068];2138.88;136.31129049999998;[3349];0-479-1;7.0;98.80385279999999
25.7.2022;0;30;[1236, 1091];4169.0;125.26693025;[3270, 3413, 3408, 3299, 3340];0-705-0;7.0;263.60739
25.7.2022;0;30;[1076, 1084];3932.62;210.698796;[3314, 3401, 3540, 3254, 3374];0-9586-0;7.0;255.2608122
25.7.2022;0;30;[1315, 1045, 1187, 1186, 1102, 1350];22689.5;428.59555199999994;[3495, 3343, 3274, 3546, 3342, 3491, 3409, 3348];0-13591-2;7.0;987.4062449999999
25.7.2022;0;30;[1123, 1063, 1062, 1053, 1313, 1179];10515.29;589.5758907499999;[3277, 3325, 3366, 3303, 3455, 3324, 3308];0-14299-2;7.0;534.2548899
25.7.2022;0;30;[1177, 1255, 1088, 1031, 1034, 1089];9217.92;400.36590825;[3425, 3291, 3392, 3391, 3390, 3265, 3269, 3264, 3393];0-14574-2;7.0;535.0047552
27.7.2022;2;30;[1016];9795.02;123.80346825;[3450, 3525];2-0-2;7.0;392.4221562
27.7.2022;2;30;[1031];117.04;180.59512625;[3498];2-1629-2;7.0;27.412682399999998
2022-07-27 00:00:00;2;30;1034;3123.96;133.58702759999997;3503;2-2720-1;7.0;133.58702759999997
2022-07-27 00:00:00;2;30;1089;3572.51;149.4253281;3430;2-2720-1;7.0;149.4253281
27.7.2022;2;30;[1034, 1070, 1089];11838.97;256.5098305;[3428, 3559, 3657, 3502];2-2720-1;7.0;794.1663864
2022-07-27 00:00:00;2;30;1041;1893.21;90.12924509999999;3674;2-4373-0;8.0;90.12924509999999
27.7.2022;2;30;[1126, 1041];8387.5;135.57497800000002;[3423, 3470];2-4373-0;7.0;432.8518701
27.7.2022;2;30;[1187, 1045];4943.0;190.62726375000003;[3405, 3547, 3403];2-5046-1;7.0;244.37733
27.7.2022;2;30;[1371, 1067, 1068];3813.04;158.79640700000002;[3475, 3483, 3482];2-8375-1;7.0;204.4784424
27.7.2022;2;30;[1123, 1084];5037.77;276.7043125;[3442, 3439, 3520];2-9900-2;7.0;247.72365870000002
27.7.2022;2;30;[1372, 1273, 1115, 1056];11330.560000000001;577.6320549999998;[3598, 3554, 3467, 3458, 3505, 3625, 3646, 3650];2-14709-2;7.0;586.3220736
28.7.2022;3;30;[1236];2376.0;125.26693025;[3560];3-705-0;7.0;107.17656000000001
28.7.2022;3;30;[1062];4193.08;243.59125175000003;[3506];3-6396-0;7.0;171.33765480000002
29.7.2022;4;30;[1204, 1065];9405.5;280.48403075;[3640, 3639, 3636];4-468-1;7.0;401.94820500000003
1.8.2022;0;31;[1133];384.12;148.54006475;[3828, 3746];0-65-2;8.0;60.123277200000004
1.8.2022;0;31;[1068];3146.04;136.31129049999998;[3656];0-479-1;8.0;134.36667240000003
1.8.2022;0;31;[1091, 1236];8174.0;125.26693025;[3739, 3611, 3729];0-705-0;8.0;358.46394
1.8.2022;0;31;[1076, 1213];2201.5;210.698796;[3628, 3626, 3675];0-9586-0;8.0;147.574965
1.8.2022;0;31;[1186, 1045, 1350, 1187];4594.58;428.59555199999994;[3821, 3568, 3726, 3569, 3826];0-13591-2;8.0;278.6346198
1.8.2022;0;31;[1115, 1062, 1063, 1179, 1313];7782.22;589.5758907499999;[3601, 3651, 3649, 3596, 3600, 3595, 3730, 3648, 3565];0-14299-2;8.0;484.31018819999997
1.8.2022;0;31;[1088, 1176, 1255, 1035, 1177, 1089, 1031];15084.890000000001;400.36590825;[3702, 3664, 3620, 3645, 3642, 3696, 3668, 3669, 3618, 3665, 3667];0-14574-2;8.0;788.7274659
3.8.2022;2;31;[1016];11686.0;123.80346825;[3687, 3842];2-0-2;8.0;459.19266
3.8.2022;2;31;[1031, 1176];5642.17;180.59512625;[3862, 3802, 3800];2-1629-2;8.0;269.0650227
2022-08-03 00:00:00;2;31;1070;3324.5;140.668095;3938;2-2720-1;8.0;140.668095
3.8.2022;2;31;[1089, 1034, 1070];11957.01;256.5098305;[3701, 3861, 3700, 3804, 3805, 3777];2-2720-1;8.0;702.5501181
3.8.2022;2;31;[1213, 1041, 1126];6396.93;135.57497800000002;[3756, 3863, 3789, 3812];2-4373-0;8.0;318.9955983
3.8.2022;2;31;[1151, 1187, 1045];3191.77;190.62726375000003;[3790, 3954, 3722, 3822, 3720];2-5046-1;8.0;229.1013987
3.8.2022;2;31;[1067, 1068];1228.42;158.79640700000002;[3770, 3771];2-8375-1;8.0;89.93551020000001
3.8.2022;2;31;[1084, 1123];5153.34;276.7043125;[3753, 3748, 3870];2-9900-2;8.0;251.80443540000002
3.8.2022;2;31;[1062, 1372, 1063, 1204, 1115, 1065];22816.37;577.6320549999998;[3731, 3968, 3795, 3763, 3684, 3808, 3839, 3809];2-14709-2;8.0;991.8860247
4.8.2022;3;31;[1236, 1091];1378.0;125.26693025;[3858, 3780];3-705-0;8.0;95.21718
4.8.2022;3;31;[1061, 1062];7674.32;243.59125175000003;[3849, 3851, 3762, 3794];3-6396-0;8.0;364.10023920000003
5.8.2022;4;31;[1204];4810.0;280.48403075;[3971];4-468-1;8.0;193.1211
8.8.2022;0;32;[1133];1761.8;148.54006475;[3988];0-65-2;8.0;85.48915799999999
8.8.2022;0;32;[1067, 1068];7886.6;136.31129049999998;[3933, 3934];0-479-1;8.0;325.035846
8.8.2022;0;32;[1091, 1236];3215.5;125.26693025;[3939, 4000];0-705-0;8.0;160.09930500000002
2022-08-08 00:00:00;0;32;1213;5588.96;220.6261776;3890;0-9586-0;8.0;220.6261776
8.8.2022;0;32;[1084, 1076];7198.33;210.698796;[3878, 3955, 4030, 3911];0-9586-0;8.0;567.9192098999999
8.8.2022;0;32;[1186, 1231, 1045, 1315];14127.26;428.59555199999994;[4121, 4124, 4006, 3901, 4128, 4012];0-13591-2;8.0;638.5135506
8.8.2022;0;32;[1063, 1123, 1115, 1313, 1179];8840.06;589.5758907499999;[3921, 3967, 3922, 3885, 3927, 4116, 4019, 3963];0-14299-2;8.0;498.3825186
8.8.2022;0;32;[1034, 1031, 1177, 1255];2275.53;400.36590825;[3952, 3948, 3947, 3974];0-14574-2;8.0;173.46896429999998
10.8.2022;2;32;[];0.0;123.80346825;[];2-0-2;8.0;0.0
10.8.2022;2;32;[1035, 1176, 1031];8757.64;180.59512625;[4067, 3996, 4108, 3997, 3998];2-1629-2;8.0;425.6322684
10.8.2022;2;32;[1034, 1089, 1070];1594.28;256.5098305;[4113, 4111, 4050];2-2720-1;8.0;126.13402680000002
2022-08-10 00:00:00;2;32;1126;1034.0;59.79054;4033;2-4373-0;8.0;59.79054
10.8.2022;2;32;[1041, 1126];8982.0;135.57497800000002;[4139, 4141, 4077, 4061];2-4373-0;8.0;470.06496000000004
10.8.2022;2;32;[1151, 1045];7588.459999999999;190.62726375000003;[4062, 4005, 4122];2-5046-1;8.0;337.78852259999996
10.8.2022;2;32;[1371, 1068];7638.96;158.79640700000002;[3990, 4047];2-8375-1;8.0;316.29167759999996
10.8.2022;2;32;[1084, 1123];8333.16;276.7043125;[3982, 4084, 4098];2-9900-2;8.0;364.0838796
10.8.2022;2;32;[1062, 1063, 1115, 1372];2895.65;577.6320549999998;[4027, 4043, 4023, 4028, 4115];2-14709-2;8.0;218.6454015
2022-08-11 00:00:00;3;32;1236;2870.0;124.6197;4129;3-705-0;8.0;124.6197
11.8.2022;3;32;[1091, 1236];6387.13;125.26693025;[4065, 4068];3-705-0;8.0;396.7092603
2022-08-11 00:00:00;3;32;1179;10501.87;394.10102969999997;4092;3-6396-0;8.0;394.10102969999997
11.8.2022;3;32;[];0.0;243.59125175000003;[];3-6396-0;8.0;394.10102969999997
12.8.2022;4;32;[1204];6825.0;280.48403075;[4148];4-468-1;8.0;264.27075
15.8.2022;0;33;[1133];2938.53;148.54006475;[4235];0-65-2;8.0;127.0394943
15.8.2022;0;33;[1067, 1068];4537.5;136.31129049999998;[4151, 4152];0-479-1;8.0;206.77912500000002
15.8.2022;0;33;[1091, 1236];2924.0;125.26693025;[4203, 4167];0-705-0;8.0;149.80644
15.8.2022;0;33;[];0.0;210.698796;[];0-9586-0;8.0;0.0
2022-08-15 00:00:00;0;33;1102;3692.85;153.6745335;4162;0-13591-2;8.0;153.6745335
15.8.2022;0;33;[1186, 1315, 1045, 1350, 1187, 1231];23674.18;428.59555199999994;[4298, 4212, 4159, 4252, 4160, 4245, 4253, 4241, 4166];0-13591-2;8.0;1199.1298293
15.8.2022;0;33;[1053, 1062, 1313];4598.0;589.5758907499999;[4170, 4172, 4268];0-14299-2;8.0;232.19538
15.8.2022;0;33;[1088, 1177, 1031, 1034, 1176];2267.02;400.36590825;[4313, 4206, 4273, 4173, 4177, 4179, 4176];0-14574-2;8.0;243.0084762
17.8.2022;2;33;[];0.0;123.80346825;[];2-0-2;8.0;0.0
17.8.2022;2;33;[1031, 1176, 1035];13004.17;180.59512625;[4205, 4310, 4314, 4309, 4275, 4311, 4208];2-1629-2;8.0;622.1372427
17.8.2022;2;33;[];0.0;256.5098305;[];2-2720-1;8.0;0.0
17.8.2022;2;33;[1213];2735.5;135.57497800000002;[4221];2-4373-0;8.0;119.87050500000001
17.8.2022;2;33;[1151, 1187, 1045];6768.0;190.62726375000003;[4409, 4299, 4246];2-5046-1;8.0;308.81808
17.8.2022;2;33;[1371, 1068];11745.3;158.79640700000002;[4352, 4242];2-8375-1;8.0;461.28654300000005
17.8.2022;2;33;[1123, 1082, 1084];10083.369999999999;276.7043125;[4223, 4191, 4194, 4287];2-9900-2;8.0;449.16379470000004
17.8.2022;2;33;[1115, 1273, 1056];3214.0;577.6320549999998;[4219, 4198, 4303, 4213];2-14709-2;8.0;206.60634
18.8.2022;3;33;[1236, 1091];4355.0;125.26693025;[4254, 4264];3-705-0;8.0;200.33505000000002
18.8.2022;3;33;[1061, 1062];3456.81;243.59125175000003;[4289, 4266, 4267];3-6396-0;8.0;191.89996109999998
19.8.2022;4;33;[1065, 1204];8580.0;280.48403075;[4368, 4367, 4366];4-468-1;8.0;372.7998
22.8.2022;0;34;[1016, 1133];7134.62;148.54006475;[4325, 4464];0-65-2;8.0;298.4834322
22.8.2022;0;34;[1067, 1068];7339.02;136.31129049999998;[4399, 4398];0-479-1;8.0;305.7007962
22.8.2022;0;34;[1091, 1236];2152.24;125.26693025;[4458, 4441, 4363, 4360];0-705-0;8.0;169.11559440000002
22.8.2022;0;34;[1076];2914.17;210.698796;[4467];0-9586-0;8.0;126.17934270000002
22.8.2022;0;34;[1045, 1315, 1186, 1187, 1350];5911.59;428.59555199999994;[4388, 4379, 4552, 4387, 4517, 4555];0-13591-2;8.0;348.4182429
2022-08-22 00:00:00;0;34;1053;204.0;30.483240000000002;4476;0-14299-2;8.0;30.483240000000002
2022-08-22 00:00:00;0;34;1061;1522.17;77.0278227;4339;0-14299-2;8.0;77.0278227
22.8.2022;0;34;[1115, 1062, 1061, 1123, 1053, 1313, 1179];23986.18;589.5758907499999;[4320, 4390, 4415, 4393, 4316, 4422, 4356, 4341];0-14299-2;8.0;1140.7030785000002
22.8.2022;0;34;[1177, 1255, 1035, 1089];6612.870000000001;400.36590825;[4443, 4345, 4359, 4358];0-14574-2;8.0;326.6204397
24.8.2022;2;34;[1016];12429.880000000001;123.80346825;[4536, 4451];2-0-2;8.0;485.45906279999997
24.8.2022;2;34;[1031, 1035];17893.39;180.59512625;[4542, 4439, 4514, 4452];2-1629-2;8.0;724.9356009
24.8.2022;2;34;[1089, 1034, 1070];6640.9;256.5098305;[4512, 4513, 4453, 4455];2-2720-1;8.0;327.610179
2022-08-24 00:00:00;2;34;1213;1683.22;82.71449820000001;4545;2-4373-0;8.0;82.71449820000001
24.8.2022;2;34;[1041, 1126];8124.0;135.57497800000002;[4614, 4468];2-4373-0;8.0;416.1329382
24.8.2022;2;34;[1187, 1045];8318.5;190.62726375000003;[4553, 4521];2-5046-1;8.0;340.28623500000003
24.8.2022;2;34;[1371, 1067, 1068];6230.06;158.79640700000002;[4492, 4499, 4461, 4498];2-8375-1;8.0;313.1034186
24.8.2022;2;34;[1084, 1082];16328.41;276.7043125;[4417, 4527];2-9900-2;8.0;623.1161571000001
24.8.2022;2;34;[1056, 1065, 1115, 1204];7148.21;577.6320549999998;[4424, 4486, 4561, 4487];2-14709-2;8.0;345.52329510000004
25.8.2022;3;34;[1091];1192.0;125.26693025;[4539];3-705-0;8.0;65.36952
25.8.2022;3;34;[1062];1434.04;243.59125175000003;[4483, 4562];3-6396-0;8.0;97.19595240000001
26.8.2022;4;34;[1204];5375.0;280.48403075;[4647];4-468-1;8.0;213.07125
29.8.2022;0;35;[1133, 1016];10070.03;148.54006475;[4679, 4568, 4652];0-65-2;8.0;425.41275929999995
29.8.2022;0;35;[1067, 1068];1403.5900000000001;136.31129049999998;[4640, 4639];0-479-1;8.0;96.12076289999999
29.8.2022;0;35;[1236, 1091];880.0699999999999;125.26693025;[4627, 4581, 4682];0-705-0;8.0;100.9152717
29.8.2022;0;35;[1213];1226.5;210.698796;[4653];0-9586-0;8.0;66.587715
29.8.2022;0;35;[1045, 1102, 1186, 1350];6001.1;428.59555199999994;[4579, 4702, 4625, 4624, 4761, 4758];0-13591-2;8.0;351.578841
29.8.2022;0;35;[1063, 1115, 1123, 1179, 1053, 1061, 1313];10122.13;589.5758907499999;[4599, 4566, 4573, 4645, 4630, 4644, 4600, 4602, 4598];0-14299-2;8.0;566.9324102999999
29.8.2022;0;35;[1089, 1255, 1088, 1177, 1034, 1035];16049.670000000002;400.36590825;[4589, 4665, 4687, 4811, 4806, 4617, 4587, 4591];0-14574-2;8.0;752.9538477000001
2022-08-31 00:00:00;2;35;1016;14060.0;519.7386;4673;2-0-2;8.0;519.7386
31.8.2022;2;35;[1016];16096.0;123.80346825;[4780];2-0-2;8.0;1111.36836
31.8.2022;2;35;[1176, 1031, 1035];6368.15;180.59512625;[4808, 4809, 4773, 4683];2-1629-2;8.0;317.9793765
2022-08-31 00:00:00;2;35;1070;3084.0;132.17604;4921;2-2720-1;9.0;132.17604
2022-08-31 00:00:00;2;35;1089;5195.48;206.73239880000003;4688;2-2720-1;8.0;206.73239880000003
31.8.2022;2;35;[1034, 1070];10298.5;256.5098305;[4664, 4812, 4734];2-2720-1;8.0;772.3884737999999
31.8.2022;2;35;[1213, 1041, 1126];6748.639999999999;135.57497800000002;[4710, 4766, 4720, 4878, 4902, 4800];2-4373-0;8.0;377.9744784
31.8.2022;2;35;[1045, 1151];4612.0;190.62726375000003;[4707, 4901, 4771];2-5046-1;8.0;232.68972
2022-08-31 00:00:00;2;35;1371;1899.38;90.3471078;4843;2-8375-1;9.0;90.3471078
31.8.2022;2;35;[1068];10886.59;158.79640700000002;[4732];2-8375-1;8.0;498.03260069999993
31.8.2022;2;35;[1082, 1123, 1084];8803.0;276.7043125;[4670, 4669, 4817, 4785];2-9900-2;8.0;403.95393
31.8.2022;2;35;[1063, 1204, 1115, 1065];9440.89;577.6320549999998;[4700, 4736, 4786, 4697, 4737];2-14709-2;8.0;449.75782589999994
1.9.2022;3;35;[1091, 1236];4375.07;125.26693025;[4824, 4755, 4760];3-705-0;9.0;224.32372170000002
1.9.2022;3;35;[1179, 1062];2710.2;243.59125175000003;[4790, 4735];3-6396-0;9.0;142.257162
2.9.2022;4;35;[1204];5927.5;280.48403075;[4884];4-468-1;9.0;232.580025
5.9.2022;0;36;[1133];3763.53;148.54006475;[5070];0-65-2;9.0;156.1702443
5.9.2022;0;36;[1068, 1067];7592.83;136.31129049999998;[4916, 4915];0-479-1;9.0;314.6628273
5.9.2022;0;36;[1091, 1236];1157.31;125.26693025;[4930, 4841, 4963, 4938];0-705-0;9.0;133.98461609999998
5.9.2022;0;36;[];0.0;210.698796;[];0-9586-0;9.0;0.0
5.9.2022;0;36;[1186, 1102, 1187, 1231, 1315, 1350, 1045];20487.309999999998;428.59555199999994;[4934, 4936, 4859, 5101, 5099, 4935, 4995, 4861, 4997, 5105, 4933, 5043, 4860];0-13591-2;9.0;1026.0469161
5.9.2022;0;36;[1179, 1061, 1062, 1115, 1053, 1313];9235.66;589.5758907499999;[4892, 4891, 4890, 4889, 4896, 4865, 5035];0-14299-2;9.0;489.0711546
5.9.2022;0;36;[1031, 1255, 1034, 1035, 1088, 1177];16928.47;400.36590825;[4836, 4992, 5094, 4868, 4831, 4835, 4957, 4908, 4914, 4912];0-14574-2;9.0;830.5442757000001
7.9.2022;2;36;[1016];16013.380000000001;123.80346825;[4972, 5084];2-0-2;9.0;611.9924478
7.9.2022;2;36;[1031, 1035];2299.62;180.59512625;[4954, 5092, 5006, 4955];2-1629-2;9.0;174.31958219999999
7.9.2022;2;36;[1070, 1034];7766.07;256.5098305;[5064, 4956, 5003];2-2720-1;9.0;344.0599317
7.9.2022;2;36;[1041, 1126];5062.5;135.57497800000002;[5077, 5013];2-4373-0;9.0;225.316875
2022-09-07 00:00:00;2;36;1187;2063.08;96.12735479999999;5046;2-5046-1;9.0;96.12735479999999
7.9.2022;2;36;[1045, 1187];10914.42;190.62726375000003;[5102, 4994, 4996];2-5046-1;9.0;551.355525
7.9.2022;2;36;[1371, 1067, 1068];7550.59;158.79640700000002;[5134, 5057, 5206, 5068, 5059];2-8375-1;9.0;383.01133289999996
7.9.2022;2;36;[1123, 1082, 1084];10657.34;276.7043125;[5083, 5123, 5073, 4966, 5114];2-9900-2;9.0;492.7106754
7.9.2022;2;36;[1063, 1056, 1372, 1062, 1115, 1273, 1204, 1065];17754.92;577.6320549999998;[5108, 5218, 5178, 4945, 4998, 5011, 5037, 5111, 5036, 4948];2-14709-2;9.0;859.7262252
8.9.2022;3;36;[1236, 1091];352.56;125.26693025;[5098, 5032];3-705-0;9.0;59.0088936
8.9.2022;3;36;[1062, 1179, 1061];5395.7;243.59125175000003;[4999, 5002, 5000];3-6396-0;9.0;260.362167
9.9.2022;4;36;[1204];8254.0;280.48403075;[5183];4-468-1;9.0;314.72874
12.9.2022;0;37;[1133, 1016];5964.94;148.54006475;[5243, 5119];0-65-2;9.0;257.1820314
12.9.2022;0;37;[1067, 1068];6789.96;136.31129049999998;[5186, 5187];0-479-1;9.0;286.3134876
12.9.2022;0;37;[1236];6461.38;125.26693025;[5202];0-705-0;9.0;251.4313278
12.9.2022;0;37;[1084];293.43;210.698796;[5127];0-9586-0;9.0;33.6410133
2022-09-12 00:00:00;0;37;1102;1367.58;71.56924980000001;5381;0-13591-2;9.0;71.56924980000001
2022-09-12 00:00:00;0;37;1187;2264.63;103.2440853;5199;0-13591-2;9.0;103.2440853
12.9.2022;0;37;[1186, 1231, 1350, 1315, 1102, 1187];23978.4;428.59555199999994;[5163, 5196, 5374, 5353, 5195, 5352, 5347, 5355, 5376, 5350, 5169, 5165];0-13591-2;9.0;1300.8506391
12.9.2022;0;37;[1053, 1313, 1062, 1179, 1063, 1061];21220.11;589.5758907499999;[5231, 5282, 5177, 5217, 5327, 5203, 5150, 5149, 5122];0-14299-2;9.0;958.8020841
12.9.2022;0;37;[1089, 1034, 1177, 1035, 1255, 1031, 1176, 1088];8728.92;400.36590825;[5157, 5229, 5307, 5159, 5139, 5226, 5154, 5155, 5230, 5227, 5158];0-14574-2;9.0;564.2981652000001
14.9.2022;2;37;[1016];16850.8;123.80346825;[5360, 5334, 5270];2-0-2;9.0;664.841748
14.9.2022;2;37;[1031, 1176, 1035];14015.54;180.59512625;[5308, 5251, 5309, 5367, 5368, 5310, 5252];2-1629-2;9.0;657.8487173999999
14.9.2022;2;37;[1034, 1089];515.96;256.5098305;[5299, 5300];2-2720-1;9.0;64.7785476
14.9.2022;2;37;[1041, 1213, 1126];4329.0;135.57497800000002;[5263, 5315, 5457, 5318];2-4373-0;9.0;245.97699
14.9.2022;2;37;[1187, 1045, 1151];8632.89;190.62726375000003;[5348, 5375, 5493, 5379, 5323];2-5046-1;9.0;421.2273459
14.9.2022;2;37;[1371, 1068];6167.4;158.79640700000002;[5421, 5364, 5304];2-8375-1;9.0;287.610894
2022-09-14 00:00:00;2;37;1123;1338.34;70.5367854;5269;2-9900-2;9.0;70.5367854
2022-09-14 00:00:00;2;37;1082;4986.5;199.35331499999998;5370;2-9900-2;9.0;199.35331499999998
2022-09-14 00:00:00;2;37;1082;7333.51;282.2262381;5428;2-9900-2;9.0;282.2262381
14.9.2022;2;37;[1123, 1082];23615.8;276.7043125;[5296, 5294];2-9900-2;9.0;1432.5502365
14.9.2022;2;37;[1273, 1063, 1062, 1056, 1115, 1065, 1204];15573.76;577.6320549999998;[5305, 5344, 5382, 5275, 5468, 5279, 5388, 5460, 5274, 5384, 5336, 5337];2-14709-2;9.0;829.2694655999999
15.9.2022;3;37;[];0.0;125.26693025;[];3-705-0;9.0;0.0
15.9.2022;3;37;[1062];1433.0;243.59125175000003;[5342];3-6396-0;9.0;73.87923
2022-09-16 00:00:00;4;37;1065;7778.0;297.92118;5530;4-468-1;9.0;297.92118
16.9.2022;4;37;[1204];11735.0;280.48403075;[5512];4-468-1;9.0;735.56403
19.9.2022;0;38;[1133, 1016];4924.16;148.54006475;[5538, 5406];0-65-2;9.0;220.43208959999998
19.9.2022;0;38;[1067, 1068];5030.25;136.31129049999998;[5501, 5479];0-479-1;9.0;224.17812750000002
19.9.2022;0;38;[1091, 1236];7613.83;125.26693025;[5427, 5535, 5521];0-705-0;9.0;338.68433730000004
19.9.2022;0;38;[1076];3729.1299999999997;210.698796;[5600, 5547];0-9586-0;9.0;178.23558029999998
19.9.2022;0;38;[1045, 1186, 1231, 1187, 1102, 1315];13332.46;428.59555199999994;[5515, 5514, 5516, 5517, 5439, 5443, 5628, 5437, 5624];0-13591-2;9.0;680.2891626
19.9.2022;0;38;[1063, 1061, 1179, 1053, 1313, 1062, 1115];5737.63;589.5758907499999;[5522, 5616, 5511, 5621, 5476, 5466, 5523, 5581, 5465, 5660];0-14299-2;9.0;435.3957153
19.9.2022;0;38;[1089, 1035, 1176, 1031, 1034];9657.97;400.36590825;[5454, 5490, 5451, 5486, 5484, 5483, 5455, 5452, 5489];0-14574-2;9.0;550.5429207
21.9.2022;2;38;[1016];23737.81;123.80346825;[5544, 5673];2-0-2;9.0;884.7420711
21.9.2022;2;38;[1031, 1176, 1035];3309.71;180.59512625;[5647, 5645, 5648];2-1629-2;9.0;186.7058601
21.9.2022;2;38;[1070, 1034];6392.98;256.5098305;[5643, 5651, 5816];2-2720-1;9.0;295.5761238
21.9.2022;2;38;[1213, 1126, 1041];7079.34;135.57497800000002;[5603, 5576, 5779];2-4373-0;9.0;319.8114954
21.9.2022;2;38;[1187, 1151, 1045];6562.2;190.62726375000003;[5677, 5633, 5631];2-5046-1;9.0;301.551282
21.9.2022;2;38;[1067, 1371, 1068];817.92;158.79640700000002;[5634, 5716, 5635];2-8375-1;9.0;98.72075520000001
21.9.2022;2;38;[1084, 1082];3285.35;276.7043125;[5552, 5690];2-9900-2;9.0;162.5657085
21.9.2022;2;38;[1056, 1273, 1062, 1063, 1065, 1115, 1204];11683.15;577.6320549999998;[5793, 5777, 5580, 5588, 5595, 5589, 5615, 5579, 5584, 5664, 5596];2-14709-2;9.0;668.6120265000001
22.9.2022;3;38;[1091];1458.75;125.26693025;[5611];3-705-0;9.0;74.7884625
22.9.2022;3;38;[1062];44.39;243.59125175000003;[5662];3-6396-0;9.0;24.8474109
2022-09-23 00:00:00;4;38;1204;6109.5;239.006445;5657;4-468-1;9.0;239.006445
23.9.2022;4;38;[1204];6887.9;280.48403075;[5775];4-468-1;9.0;505.498194
26.9.2022;0;39;[1016, 1133];1262.82;148.54006475;[5702, 5936, 5895];0-65-2;9.0;114.4301742
26.9.2022;0;39;[1067, 1068];4153.46;136.31129049999998;[5810, 5811];0-479-1;9.0;193.2186726
26.9.2022;0;39;[1091, 1236];8197.26;125.26693025;[5790, 5846, 5824];0-705-0;9.0;359.28525060000004
26.9.2022;0;39;[1084, 1076, 1213];6156.02;210.698796;[5697, 5728, 5778, 5721];0-9586-0;9.0;310.4890662
2022-09-26 00:00:00;0;39;1102;3005.0;129.38655;5823;0-13591-2;9.0;129.38655
26.9.2022;0;39;[1186, 1315, 1045, 1102, 1350];23805.37;428.59555199999994;[5747, 5972, 5995, 5743, 5822, 5746, 5767, 6002, 5741, 5970];0-13591-2;9.0;1202.7541646999998
26.9.2022;0;39;[1123, 1115, 1063, 1061, 1313, 1062, 1053, 1179];17221.010000000002;589.5758907499999;[5704, 5754, 5801, 5796, 5981, 5799, 5835, 5798, 5756, 5800, 5759, 5865, 5905];0-14299-2;9.0;910.7138631
26.9.2022;0;39;[1088, 1255, 1031, 1176, 1034, 1177, 1035, 1089];21930.6;400.36590825;[5923, 6023, 5764, 5804, 5853, 5806, 5763, 5827, 6027, 5808, 5766];0-14574-2;9.0;1030.449486
28.9.2022;2;39;[1016];8420.31;123.80346825;[5842, 6029];2-0-2;9.0;343.8811461
28.9.2022;2;39;[1031, 1176];1568.0;180.59512625;[5920, 5919];2-1629-2;9.0;101.92608
28.9.2022;2;39;[1089, 1034];1607.87;256.5098305;[5924, 5925];2-2720-1;9.0;103.33388970000001
2022-09-28 00:00:00;2;39;1126;9197.06;348.0281886;5881;2-4373-0;9.0;348.0281886
28.9.2022;2;39;[1041, 1213, 1126];8801.48;135.57497800000002;[6044, 5867, 5928, 5974, 6004];2-4373-0;9.0;775.2084474000001
28.9.2022;2;39;[1187, 1151];2757.7;190.62726375000003;[5998, 6046];2-5046-1;9.0;143.934387
28.9.2022;2;39;[1067, 1371, 1068];6385.83;158.79640700000002;[5943, 6060, 5944];2-8375-1;9.0;295.32365730000004
28.9.2022;2;39;[1123, 1082];8755.0;276.7043125;[5843, 6015];2-9900-2;9.0;355.69905
28.9.2022;2;39;[1056, 1063, 1273, 1115, 1372, 1065, 1204];12000.970000000001;577.6320549999998;[5954, 5862, 5951, 5976, 5945, 5987, 5858, 6077, 5979, 5956, 5913, 5986, 5952, 5914];2-14709-2;9.0;749.6742507000001
29.9.2022;3;39;[1236];66.0;125.26693025;[5969];3-705-0;9.0;25.61046
29.9.2022;3;39;[1062, 1061];41.5;243.59125175000003;[5980, 5955];3-6396-0;9.0;48.025365
30.9.2022;4;39;[1204];7118.5;280.48403075;[6082];4-468-1;9.0;274.634235
3.10.2022;0;40;[1133];1114.64;148.54006475;[6136];0-65-2;10.0;62.637938399999996
3.10.2022;0;40;[1068, 1067];1715.8400000000001;136.31129049999998;[6051, 6049];0-479-1;10.0;107.1463104
3.10.2022;0;40;[1236];3095.01;125.26693025;[6091];0-705-0;10.0;132.5648031
3.10.2022;0;40;[1076];2732.13;210.698796;[6223, 6196];0-9586-0;10.0;143.0315103
3.10.2022;0;40;[1186, 1187, 1045, 1315, 1102];21238.29;428.59555199999994;[6241, 6096, 6097, 6213, 6216, 6095, 6245];0-13591-2;10.0;912.8840198999999
3.10.2022;0;40;[1053, 1061, 1063, 1062, 1313];5932.43;589.5758907499999;[6205, 6075, 6079, 6076, 6127];0-14299-2;10.0;325.8741033
3.10.2022;0;40;[1177, 1035, 1088, 1255, 1034];8881.64;400.36590825;[6253, 6036, 6209, 6109, 6145, 6038];0-14574-2;10.0;453.2907084
5.10.2022;2;40;[1016];6738.52;123.80346825;[6113, 6227];2-0-2;10.0;284.4971412
5.10.2022;2;40;[1035, 1176, 1031];21610.16;180.59512625;[6139, 6249, 6208, 6250, 6248, 6102, 6207];2-1629-2;10.0;926.0147496
5.10.2022;2;40;[1034, 1089];8886.439999999999;256.5098305;[6141, 6211, 6210, 6251];2-2720-1;10.0;406.9001964
5.10.2022;2;40;[1213, 1126, 1041];3470.0699999999997;135.57497800000002;[6160, 6164, 6162, 6161, 6163, 6194, 6153];2-4373-0;10.0;285.4881717
5.10.2022;2;40;[1151, 1187, 1045];8778.09;190.62726375000003;[6344, 6244, 6242, 6360, 6107];2-5046-1;10.0;426.3543579
5.10.2022;2;40;[1371, 1068];7577.97;158.79640700000002;[6389, 6165];2-8375-1;10.0;314.1381207
2022-10-05 00:00:00;2;40;1084;5836.6;229.37034599999998;6123;2-9900-2;10.0;229.37034599999998
2022-10-05 00:00:00;2;40;1123;7927.08;303.18519480000003;6231;2-9900-2;10.0;303.18519480000003
5.10.2022;2;40;[1082];21746.15;276.7043125;[6272, 6219];2-9900-2;10.0;1346.9720972999999
5.10.2022;2;40;[1062, 1273, 1063, 1204, 1065];3870.1800000000003;577.6320549999998;[6150, 6401, 6151, 6187, 6188];2-14709-2;10.0;253.05605580000002
6.10.2022;3;40;[1091, 1236];3010.38;125.26693025;[6254, 6246, 6215];3-705-0;10.0;176.13651779999998
6.10.2022;3;40;[1062];1364.65;243.59125175000003;[6179];3-6396-0;10.0;71.46579150000001
7.10.2022;4;40;[1204, 1065];6633.5;280.48403075;[6347, 6341, 6342];4-468-1;10.0;304.068885
10.10.2022;0;41;[1133];1603.38;148.54006475;[6448];0-65-2;10.0;79.8953478
10.10.2022;0;41;[1067, 1068];2241.45;136.31129049999998;[6368, 6369];0-479-1;10.0;125.70559949999999
10.10.2022;0;41;[1091, 1236];422.88;125.26693025;[6393, 6483];0-705-0;10.0;61.491892799999995
10.10.2022;0;41;[1076];462.89;210.698796;[6576];0-9586-0;10.0;39.6246459
10.10.2022;0;41;[1186, 1350, 1045, 1231, 1315, 1102];9302.79;428.59555199999994;[6553, 6529, 6481, 6362, 6531, 6480, 6364];0-13591-2;10.0;491.4415149
10.10.2022;0;41;[1062, 1179, 1063, 1053, 1115, 1313];21251.88;589.5758907499999;[6355, 6307, 6304, 6356, 6351, 6285, 6418, 6358, 6498, 6305];0-14299-2;10.0;983.2038828
10.10.2022;0;41;[1031, 1034, 1177, 1176, 1255, 1088, 1089, 1035];20896.64;400.36590825;[6319, 6376, 6570, 6374, 6314, 6327, 6464, 6325, 6505, 6375, 6324, 6320];0-14574-2;10.0;1017.2203583999999
2022-10-12 00:00:00;2;41;1016;24191.04;877.4656223999999;6487;2-0-2;10.0;877.4656223999999
12.10.2022;2;41;[1016];2304.0;123.80346825;[6562];2-0-2;10.0;982.0998623999999
12.10.2022;2;41;[1031, 1035];7774.43;180.59512625;[6457, 6459, 6507];2-1629-2;10.0;344.35512329999995
12.10.2022;2;41;[1034, 1089, 1070];8306.42;256.5098305;[6573, 6465, 6568, 6504, 6718, 6463];2-2720-1;10.0;432.9796902
12.10.2022;2;41;[1041, 1126];3424.5;135.57497800000002;[6682, 6649, 6475];2-4373-0;10.0;190.759095
12.10.2022;2;41;[1151, 1187, 1045];11651.23;190.62726375000003;[6528, 6532, 6468, 6554, 6656, 6530];2-5046-1;10.0;551.0849313
12.10.2022;2;41;[1067, 1068, 1371];3761.48;158.79640700000002;[6566, 6493, 6629, 6492];2-8375-1;10.0;225.93785880000001
12.10.2022;2;41;[1123, 1084, 1082];21762.55;276.7043125;[6559, 6555, 6427, 6657, 6643, 6431, 6556];2-9900-2;10.0;931.3956405000001
12.10.2022;2;41;[1273, 1063, 1115, 1065, 1204];16412.48;577.6320549999998;[6686, 6436, 6543, 6537, 6651, 6540, 6541, 6584];2-14709-2;10.0;765.7646688
13.10.2022;3;41;[1091, 1236];921.0;125.26693025;[6509, 6535];3-705-0;10.0;79.08051
13.10.2022;3;41;[1062];212.99;243.59125175000003;[6538];3-6396-0;10.0;30.800676899999996
14.10.2022;4;41;[1204, 1065];1417.0;280.48403075;[6663, 6664];4-468-1;10.0;96.59427
17.10.2022;0;42;[1133, 1016];8642.34;148.54006475;[6799, 6610, 6759];0-65-2;10.0;375.0010254
17.10.2022;0;42;[1067, 1068];4969.65;136.31129049999998;[6630, 6714];0-479-1;10.0;222.0383415
17.10.2022;0;42;[1236];418.0;125.26693025;[6712];0-705-0;10.0;38.03958
17.10.2022;0;42;[1084, 1076, 1213];3415.98;210.698796;[6645, 6683, 6831, 6632, 6770];0-9586-0;10.0;237.01825380000002
17.10.2022;0;42;[1045, 1315, 1187, 1350, 1231];6309.2;428.59555199999994;[6621, 6852, 6623, 6627, 6814];0-13591-2;10.0;339.17785200000003
17.10.2022;0;42;[1179, 1062, 1115, 1063, 1053];9418.99;589.5758907499999;[6696, 6692, 6597, 6697, 6600, 6846, 6698, 6810];0-14299-2;10.0;518.8245369
17.10.2022;0;42;[1177, 1089, 1034, 1031, 1035, 1176];14230.41;400.36590825;[6637, 6703, 6641, 6670, 6642, 6671, 6669];0-14574-2;10.0;665.4357771
19.10.2022;2;42;[1016];23117.25;123.80346825;[6891, 6741];2-0-2;10.0;862.8300975
19.10.2022;2;42;[1031, 1176];138.24;180.59512625;[6753, 6752];2-1629-2;10.0;51.4412544
19.10.2022;2;42;[1070];5764.63;256.5098305;[6877, 6959, 6783];2-2720-1;10.0;273.38908530000003
19.10.2022;2;42;[1041, 1213, 1126];332.73;135.57497800000002;[6830, 6828, 6871];2-4373-0;10.0;81.58869630000001
19.10.2022;2;42;[1045, 1151, 1187];3267.5;190.62726375000003;[6723, 6964, 6851];2-5046-1;10.0;185.21542499999998
19.10.2022;2;42;[1067, 1371, 1068];5988.67;158.79640700000002;[6779, 6939, 6800, 6780];2-8375-1;10.0;304.57993769999996
19.10.2022;2;42;[1084, 1082];8578.71;276.7043125;[6886, 6887, 6784];2-9900-2;10.0;372.7542501
19.10.2022;2;42;[1063, 1273, 1372, 1115, 1056, 1065, 1204];12458.720000000001;577.6320549999998;[6842, 6829, 6761, 6736, 6856, 6979, 6817, 6818, 6763];2-14709-2;10.0;649.4374032
20.10.2022;3;42;[];0.0;125.26693025;[];3-705-0;10.0;0.0
20.10.2022;3;42;[1179];1467.0;243.59125175000003;[6844];3-6396-0;10.0;75.07977
21.10.2022;4;42;[1204, 1065];6344.0;280.48403075;[6943, 6944];4-468-1;10.0;270.56664
24.10.2022;0;43;[1133];2106.0;148.54006475;[7024];0-65-2;10.0;97.64286
24.10.2022;0;43;[1067, 1068];7509.78;136.31129049999998;[6954, 6955];0-479-1;10.0;311.73033180000004
2022-10-24 00:00:00;0;43;1236;4724.5;190.102095;6962;0-705-0;10.0;190.102095
24.10.2022;0;43;[1091];5297.63;125.26693025;[6988];0-705-0;10.0;400.4414103
24.10.2022;0;43;[];0.0;210.698796;[];0-9586-0;10.0;0.0
24.10.2022;0;43;[1350, 1186, 1045, 1231, 1315, 1187, 1102];22601.1;428.59555199999994;[6996, 7128, 6912, 7000, 6952, 6947, 7130, 7092, 6953, 6950, 6997, 7126];0-13591-2;10.0;1077.404841
24.10.2022;0;43;[1063, 1313, 1062, 1115];5088.4400000000005;589.5758907499999;[6972, 6925, 6916, 7060, 6893];0-14299-2;10.0;296.0728164
24.10.2022;0;43;[1177, 1088, 1031, 1255, 1034, 1089];7475.330000000001;400.36590825;[6960, 7097, 6983, 7096, 7051, 7036, 6986, 6910];0-14574-2;10.0;450.19390230000005
26.10.2022;2;43;[1016];13794.810000000001;123.80346825;[7132, 7121, 6994];2-0-2;10.0;556.9347411
26.10.2022;2;43;[1176, 1035];1726.8200000000002;180.59512625;[7049, 7050];2-1629-2;10.0;107.5340142
26.10.2022;2;43;[];0.0;256.5098305;[];2-2720-1;10.0;0.0
26.10.2022;2;43;[1213, 1041, 1126];5914.34;135.57497800000002;[7068, 7030, 7070, 7093, 7094];2-4373-0;10.0;325.2353454
26.10.2022;2;43;[1187];2828.0;190.62726375000003;[6999];2-5046-1;10.0;123.13668
26.10.2022;2;43;[1068];5049.88;158.79640700000002;[7043];2-8375-1;10.0;201.5912628
26.10.2022;2;43;[1082, 1084, 1123];13938.71;276.7043125;[7007, 7004, 7110, 7109, 7111];2-9900-2;10.0;608.5758501
26.10.2022;2;43;[1063, 1062, 1115, 1273, 1204];8763.15;577.6320549999998;[7076, 7098, 7013, 7123, 7026, 7056];2-14709-2;10.0;449.10682650000007
27.10.2022;3;43;[1091, 1236];6433.4400000000005;125.26693025;[7063, 7115, 7131, 7085];3-705-0;10.0;320.28476639999997
27.10.2022;3;43;[1061];895.32;243.59125175000003;[7078];3-6396-0;10.0;54.89374920000001
28.10.2022;4;43;[];0.0;280.48403075;[];4-468-1;10.0;0.0
